CNPJ,RazaoSocial,UF,Total_Despesas,Media_Trimestral,Desvio_Padrao
33719485000127,CAIXA DE ASSISTÊNCIA DOS FUNCIONÁRIOS DO BANCO DO BRASIL,DF,6818582950.18,2272860983.3933334,3840227755.4237084
00461479000163,PREVENT SENIOR PRIVATE OPERADORA DE SAÚDE LTDA,SP,5452226294.75,1817408764.9166667,1805580865.0096128
02725347000127,CARE PLUS MEDICINA ASSISTENCIAL LTDA.,SP,3576107301.11,1192035767.0366666,1092936171.4591048
31925548000176,GRUPO HOSPITALAR DO RIO DE JANEIRO LTDA,RJ,3296782715.8900003,1098927571.9633334,1031492724.1591437
73809352000166,FUNDAÇÃO SAÚDE ITAÚ,MG,1819784248.75,606594749.5833334,1050599777.0211276
27578434000120,UNIMED VITORIA COOPERATIVA DE TRABALHO MEDICO,ES,1784783028.3600001,594927676.12,987494255.1353139
04311093000126,CAIXA DE ASSISTENCIA DOS SERVIDORES DO ESTADO DE MATO GROSSO DO SUL,MS,1113315778.5,371105259.5,637053348.621813
07658098000118,QUALICORP ADMINISTRADORA DE BENEFÍCIOS S.A.,SP,1067352336.6099999,355784112.2033333,323467432.3219193
87300448000109,UNIMED - COOPERATIVA DE SERVIÇOS DE SAÚDE DOS VALES DO TAQUARI E RIO PARDO LTDA.,RS,966051182.4100001,322017060.80333334,295008058.58885354
60961422000155,"SERVIÇO SOCIAL DA INDÚSTRIA DO PAPEL, PAPELÃO E CORTIÇA DO ESTADO DE SÃO PAULO - SEPACO",SP,914798308.91,304932769.63666666,280171025.95234233
58229691000180,UNIMED DE SANTOS COOP DE TRAB MEDICO,SP,839523797.6999999,279841265.9,480612939.1522934
03315918000118,UNIMED CAMPO GRANDE MS COOPERATIVA DE TRABALHO MÉDICO,MS,814150062.25,271383354.0833333,446399339.3719387
45232246000127,UNIMED DE RIBEIRAO PRETO - COOPERATIVA DE TRABALHO MÉDICO,SP,805990431.51,268663477.17,463220428.7231501
76767219000182,UNIMED REGIONAL MARINGÁ COOP.DE TRABALHO MÉDICO,PR,681838133.7800001,227279377.9266667,228818740.51971924
44803922000102,UNIMED DE PIRACICABA SOCIEDADE COOPERATIVA DE SERVIÇOS MÉDICOS,SP,594459348.6099999,198153116.2033333,339321641.6464567
35917970000130,UNIMED DE VOLTA REDONDA COOPERATIVA DE TRABALHO MÉDICO,RJ,582253594.39,194084531.46333334,301732851.49235016
31466949000105,SAMEDIL SERVIÇOS DE ATENDIMENTO MÉDICO S/A,ES,525080546.58,175026848.85999998,292979813.01319903
34266553000102,ALICE OPERADORA LTDA.,SP,519317167.45,173105722.48333332,291011473.9129571
62638374000194,CENTRO TRASMONTANO DE SAO PAULO,SP,498019462.94,166006487.64666668,287109058.40922385
81170003000175,UNIMED DE CASCAVEL COOPERATIVA DE TRABALHO MÉDICO,PR,484406519.68,161468839.89333335,264319165.5776637
95642179000197,HUMANA SAÚDE LTDA.,PR,454714474.86,151571491.62,249184119.7582414
92030543000170,HOSPITAL DE CLÍNICAS DE PASSO FUNDO,RS,446647583.08000004,148882527.69333336,138301616.16976815
43643139000166,UNIMED DO ESTADO DE SÃO PAULO - FEDERAÇÃO ESTADUAL DAS COOP. MÉDICAS,SP,436954462.85,145651487.61666667,242963424.14192626
35830868000101,UNIMED DE MACAÉ COOPERATIVA DE ASSISTÊNCIA À SAÚDE,RJ,419693502.36,139897834.12,141706505.81042132
28714533000154,UNIMED NOVA IGUACU COOPERATIVA DE TRABALHO MEDICO,RJ,407270713.28999996,135756904.42999998,111005470.78393002
62511019000150,ALVORECER - ASSOCIAÇÃO DE SOCORROS MÚTUOS,SP,402013706.21000004,134004568.73666668,146196890.70522532
50565317000143,SERV  SOCIAL AUTÔNOMO DE ASSIST À SAÚDE DOS SERV PÚBLICOS E MILITARES DE GOIÁS,GO,391024572.40000004,195512286.20000002,223105747.47320968
31240963000196,ASSOCIAÇÃO BENEFICENTE DOS PROFESSORES PÚBLICOS ATIVOS E INATIVOS DO RIO DE JANEIRO - APPAI,RJ,387139556.7,129046518.89999999,184358500.9255808
83367342000171,ASSOCIAÇÃO ADVENTISTA NORTE BRASILEIRA DE PREVENÇÃO E ASSISTÊNCIA A SAÚDE,PA,385595918.59000003,128531972.86333334,199114103.23489222
44456036000150,UNIMED DE BAURU COOPERATIVA DE TRABALHO MÉDICO,SP,380093097.24,126697699.08,209861453.28929505
45272366000158,UNIMED DE ARARAQUARA - COOP. DE TRAB. MÉDICO,SP,366497334.29999995,122165778.09999998,205404886.20699048
73967085000155,UNIMED NORTE DO MATO GROSSO COOPERATIVA DE TRABALHO MÉDICO,MT,364548572.10999995,121516190.70333332,113406495.60390711
48628366000136,UNIMED DE SANTA BÁRBARA D'OESTE E AMERICANA - COOP DE TRABALHO MÉDICO,SP,355612776.56,118537592.18666667,198868100.59291294
09433795000104,QUALLITY PRÓ SAÚDE PLANO DE ASSISTÊNCIA MÉDICA LTDA.,DF,347367965.73,115789321.91000001,198573268.8516585
88645403000139,CIRCULO OPERARIO CAXIENSE,RS,342248511.28000003,114082837.09333335,195360362.89526886
13360276000122,UNIMED SERGIPE - COOPERATIVA DE TRABALHO MÉDICO,SE,341059077.07,113686359.02333333,191497271.46185693
08680639000177,UNIMED JOAO PESSOA - COOPERATIVA DE TRABALHO MÉDICO,PB,336572635.4,112190878.46666665,183878660.46083173
83506030000100,BENEFICENCIA CAMILIANA DO SUL,SP,328284809.83,164142404.915,232109525.3670047
00361325000108,HUMANA SAÚDE NORDESTE LTDA.,PI,325537578.4,108512526.13333333,177106847.91430578
79115762000193,IRMANDADE SANTA CASA DE MISERICÓRDIA DE MARINGÁ,PR,315442897.66999996,105147632.55666666,120832999.92654999
58837188000107,UNIMED SALTO/ITU - COOPERATIVA MÉDICA,SP,301778722.93,100592907.64333333,157085477.78173843
56727134000163,UNIMED JUNDIAI - COOPERATIVA DE TRABALHO MÉDICO,SP,300658569.76,100219523.25333333,158923898.98752815
02476067000122,UNIMED GOIANIA COOPERATIVA DE TRABALHO MÉDICO,GO,295153703.15,98384567.71666665,154858506.04818913
02322043000119,UNIMED REGIONAL JAU - COOPERATIVA DE TRABALHO MÉDICO,SP,288505438.94,96168479.64666666,88519229.56267561
87497368000195,UNIMED SANTA MARIA/RS - COOPERATIVA DE ASSISTÊNCIA À SAÚDE LTDA,RS,288078366.23,96026122.07666667,165149111.6040122
51473692000126,IRMANDADE DA SANTA CASA DE MISERICORDIA DE LIMEIRA,SP,285552044.18,95184014.72666667,160980808.9266285
03284505000113,HOSPITAL MATERNIDADE SÃO VICENTE DE PAULO,CE,271436317.43,90478772.47666667,46254660.49802443
02597394000132,UNIMED VALE DO SEPOTUBA - COOPERATIVA DE TRABALHO MÉDICO,MT,258120447.95999998,86040149.32,99561525.2992529
29135795000127,UNIMED NOVA FRIBURGO-SOC.COOP.SERV.MED.HOSP.LTDA.,RJ,256008338.41,85336112.80333333,146756567.48844826
26629238000174,UNIMED ANÁPOLIS COOPERATIVA DE TRABALHO MÉDICO.,GO,242869013.24,80956337.74666667,72676577.31815968
08707473000135,UNIMED CAMPINA GRANDE - COOPERATIVA DE TRABALHO MEDICO LTDA,PB,238233529.89,79411176.63,136279055.57464117
56384183000140,IRMANDADE DA SANTA CASA DE MISERICÓRDIA DE RIO CLARO,SP,237735553.15,79245184.38333334,69330628.95008385
45425899000122,UNIMED DE BOTUCATU COOPERATIVA DE TRABALHO MÉDICO,SP,232462788.38,77487596.12666667,132055532.7683144
00697509000135,UNIMED CENTRO RONDÔNIA COOPERATIVA DE TRABALHO MÉDICO,RO,227293291.22,75764430.40666667,120588345.10575327
15214919000155,PROMÉDICA - PROTEÇÃO MEDICA A EMPRESAS S.A.,BA,226348555.72,75449518.57333334,129808976.45995776
01445199000124,UNIHOSP SAÚDE LTDA,SP,218754510.06,72918170.02,62311245.74001092
85241339000132,UNIMED DE TUBARAO - COOPERATIVA DE TRABALHO MEDICO DA REGIAO DA AMUREL,SC,204782920.18,68260973.39333333,112443525.01734228
16991945000152,UNIMED VALE DO AÇO COOPERATIVA DE TRABALHO MÉDICO,MG,199333098.37,99666549.185,48420159.056524925
15395999000192,UNIMED DE DOURADOS COOPERATIVA DE TRABALHO MÉDICO LTDA,MS,193340970.58,64446990.193333335,100656168.50866833
10219897000100,UNIMED OESTE DO PARÁ - COOPERATIVA DE TRABALHO MÉDICO,PA,191555455.22,63851818.406666666,110586652.05096148
02009924000184,GAMA SAUDE LTDA.,SP,191425001.25,63808333.75,110518768.37195842
16513178000176,UNIMED BELO HORIZONTE COOPERATIVA DE TRABALHO MÉDICO,MG,191205774.35,63735258.11666667,60184518.59189709
73936395000102,UNIMED ENCOSTA DA SERRA/RS SOCIEDADE COOPERATIVA DE SERVIÇOS DE SAÚDE LTDA.,RS,187436659.25,62478886.416666664,72909367.76202738
82602327000106,UNIMED DE JOINVILLE COOPERATIVA DE TRABALHO MÉDICO,SC,187378540.3,62459513.43333334,91898670.99624136
04745753000187,UNIÃO MÉDICA PLANOS DE SAÚDE S/A,BA,187025549.6,62341849.86666667,101923477.85289758
34539000000186,KLINI PLANOS DE SAÚDE LTDA,RJ,186402339.23999998,62134113.07999999,102461825.75627814
30489359000135,SUPERMED ADMINISTRADORA DE BENEFÍCIOS LTDA.,RJ,182810507.54,60936835.846666664,102561553.70298512
36567721000125,SAMI ASSISTÊNCIA MÉDICA LTDA,SP,181131068.79,60377022.93,55554474.42238723
72957814000120,SANTA CASA DE MISERICÓRDIA DE VOTUPORANGA,SP,162269616.27,54089872.09,93647550.54064578
48090146000100,UNIMED DO BRASIL - CONF. NACIONAL DAS COOPERATIVAS MÉDICAS,SP,159053469.86999997,53017823.28999999,85067381.43552276
75055772000120,UNIMED CURITIBA - SOCIEDADE COOPERATIVA DE MÉDICOS,PR,156336556.74,52112185.580000006,57859994.88780268
07844436000106,CABERJ INTEGRAL SAÚDE S.A,RJ,155730767.10000002,51910255.70000001,89079788.09704322
87647756000105,UNIMED NOROESTE/RS - SOCIEDADE COOPERATIVA DE ASSISTÊNCIA À SAÚDE LTDA.,RS,154197322.71,51399107.57,87563574.78762886
23278898000160,IRMANDADE DA SANTA CASA DE MISERICÓRDIA DE PASSOS,MG,145268955.91,48422985.303333335,83846124.74892548
29309127000179,AMIL ASSISTÊNCIA MÉDICA INTERNACIONAL S.A.,SP,145082848.35999998,48360949.453333326,39971574.136091836
27452545000195,2CARE OPERADORA DE SAÚDE LTDA.,SP,143218368.89000002,47739456.296666674,82048291.25163536
02864364000145,PLANO DE SAÚDE ANA COSTA LTDA.,SP,141860291.96,47286763.98666667,81039495.13219477
35642768000143,UNIMED METROPOLITANA DO AGRESTE - COOPERATIVA DE TRABALHO MÉDICO,AL,140216910.95000002,46738970.31666667,80247129.86906233
32440968000125,UNIMED SUL CAPIXABA COOPERATIVA DE TRABALHO MÉDICO,ES,139427311.69,46475770.56333333,76878440.23874992
07674593000110,ALL CARE ADMINISTRADORA DE BENEFÍCIOS SÃO PAULO LTDA,SP,138796246.45000002,46265415.48333334,77944648.23015943
44649812000138,NOTRE DAME INTERMÉDICA SAÚDE S.A.,SP,135245776.1,45081925.36666667,45651193.11659554
17774738000109,UNIMED UBERABA COOPERATIVA DE TRABALHO MEDICO LTDA.,MG,134629510.29000002,44876503.43000001,66196494.39023044
10935483000170,ASSOCIAÇÃO DA SANTA CASA SAÚDE DE RIBEIRÃO PRETO,SP,133421082.68,44473694.22666667,63644282.41128411
29174910000172,AMHE MED ASSISTENCIA A SAUDE LTDA - EPP,SP,131808576.97,43936192.32333333,40062076.8869161
00366982000130,CENTRAL REGIONAL DAS COOPERATIVAS MÉDICAS - UNIMED CERRADO,GO,131728776.86000001,43909592.28666667,69373528.532002
25910449000118,UNIMED ARAXÁ COOPERATIVA DE TRABALHO MÉDICO LTDA.,MG,124819027.78999999,41606342.596666664,47421297.6678645
31787625000179,FUNDAÇÃO DE SEGURIDADE SOCIAL DA ARCELORMITTAL BRASIL - FUNSSEST,ES,122182669.33,40727556.443333335,37200528.58430597
28502128000172,CAIXA DE ASSISTÊNCIA DOS EMPREGADOS DO SISTEMA FINANCEIRO BANESTES,ES,114801278.22,38267092.74,34444709.798508435
36540979000138,UNIMED COSTA VERDE RJ,RJ,113369123.63999999,37789707.879999995,34613406.05255933
01559455000104,UNIMED NORDESTE PAULISTA - FED. INTRAFEDERATIVA DAS COOP. MÉDICAS,SP,112280714.86,37426904.95333333,63396512.48971265
07583396000196,UNIMED DO CARIRI - SOCIEDADE COOPERATIVA MÉDICA LTDA,CE,110845205.49000001,36948401.830000006,63874110.54284968
51427540000197,UNIMED DE OURINHOS - COOPERATIVA DE TRABALHO MÉDICO,SP,109651346.25,36550448.75,62710111.00904192
82956996000178,FUNDAÇÃO CELESC DE SEGURIDADE SOCIAL - CELOS,SC,109619207.42999999,36539735.809999995,58574104.97160343
07649106000160,UNIMED DE SOBRAL SOCIEDADE COOPERATIVA MÉDICA LTDA,CE,108375925.31,36125308.43666667,51311053.00551547
87701249000102,UNIMED MISSÕES/RS - COOPERATIVA DE ASSISTÊNCIA À SAÚDE LTDA.,RS,107987290.22,35995763.406666666,60489900.23290241
03518900000113,INSTITUTO CURITIBA DE SAÚDE,PR,107449210.63,35816403.54333333,61958458.96270266
42163881000101,UNIMED-RIO COOPERATIVA DE TRABALHO MEDICO DO RIO DE JANEIRO,RJ,104787592.91,104787592.91,0.0
77375897000162,FUNDAÇÃO SANEPAR DE ASSISTÊNCIA SOCIAL,PR,103949454.97999999,34649818.32666666,60007027.078015745
00660903000107,FUNDAÇÃO AFFEMG DE ASSISTÊNCIA E SAÚDE - FUNDAFFEMG,MG,100848364.28,33616121.42666667,57981915.12411756
18275071000162,POSTAL SAÚDE CAIXA DE ASSISTÊNCIA E SAÚDE DOS EMPREGADOS DOS CORREIOS,DF,100761104.78999999,33587034.93,2702840.610699339
56269913000162,PREVIDENT ASSISTÊNCIA ODONTOLÓGICA S.A,SP,100631966.69,33543988.896666665,35847956.471148156
75003525000180,UNIMED DE PARANAGUÁ COOPERATIVA DE TRABALHO MÉDICO,PR,100282205.83,33427401.94333333,55068426.29548782
59849182000112,SANTA CASA DE MISERICORDIA DE SAO JOAQUIM DA BARRA,SP,96056113.66,32018704.55333333,55292336.89641212
54370630000187,IRMANDADE DA SANTA CASA DE MISERICÓRDIA DE PIRACICABA,SP,95053003.27,31684334.423333332,53928592.00550185
66854779000110,ASSISTÊNCIA MÉDICA SÃO MIGUEL LTDA,SP,93196489.55,31065496.516666666,30870405.850574818
01608379000180,UNIMED CENTRO OESTE PAULISTA - FEDERAÇÃO INTRAFEDERATIVA DAS COOPERATIVAS MÉDICAS,SP,92700940.08000001,30900313.360000003,52609274.11811262
07057185000110,UNIMED MARANHÃO DO SUL - COOPERATIVA DE TRABALHO MÉDICO,MA,90140618.02,30046872.673333332,26015605.904654227
60975174000100,ASSOCIAÇÃO DE BENEFICÊNCIA E FILANTROPIA SÃO CRISTOVÃO,SP,89879005.04,29959668.346666668,51870412.08749653
26189530000113,UNIMED CURVELO COOPERATIVA DE TRABALHO MÉDICO LTDA.,MG,89732929.14,29910976.38,40182575.27691318
80653975000158,UNIMED EXTREMO OESTE CATARINENSE COOPERATIVA DE TRABALHO MÉDICO,SC,88917476.25,29639158.75,33834016.80477136
16921561000163,UNIMED MONTES CLAROS COOPERATIVA DE  TRABALHO MÉDICO LTDA.,MG,87487736.64000002,29162578.880000006,48594370.39473988
11593821000103,ELOSAÚDE - ASSOCIAÇÃO DE ASSISTÊNCIA À SAÚDE,SC,87326751.97999999,29108917.326666664,49690229.743601225
03273825000178,METLIFE PLANOS ODONTOLÓGICOS LTDA.,SP,85423083.33,28474361.11,31560648.52389338
10414182000109,UNIMED SAÚDE E ODONTO S.A,SP,83822390.16,27940796.72,46341696.15691213
68668045000172,AMESC - ASSOCIAÇÃO MÉDICA ESPÍRITA CRISTÃ,RJ,83048836.64,27682945.546666667,45306967.65802279
37436920000167,UNIMED BARRA DO GARÇAS - COOPERATIVA DE TRABALHO MÉDICO,MT,83047178.75999999,27682392.919999998,43979691.805123456
00628107000189,FUNDAÇÃO ASSISTENCIAL DOS SERVIDORES DO MINISTÉRIO DA FAZENDA,DF,82978957.5,27659652.5,29393222.011769332
87096616000196,UNIMED PORTO ALEGRE - COOPERATIVA MÉDICA LTDA.,RS,82051566.47,27350522.156666666,24315324.34151726
76590884000143,UNIMED DO ESTADO DE SANTA CATARINA FED. EST. DAS COOP. MÉD.,SC,81589336.68,27196445.560000002,42501431.91634256
25335803000128,ASSOCIAÇÃO BENEFICENTE CATÓLICA,MG,81165170.8,27055056.933333334,46642424.11881001
59499251000105,UNIMED DE CAPIVARI -COOPERATIVA DE TRABALHO MÉDICO,SP,80479940.25,26826646.75,46274926.73054962
28633372000174,SAÚDE BRASIL ASSISTÊNCIA MÉDICA LTDA.,SP,77165311.91,25721770.636666667,32340727.915425554
45207131000182,UNIMED DE GUARATINGUETA-COOPERATIVA DE TRABALHO MÉDICO,SP,76865322.42,25621774.14,43576104.91834178
01659087000176,UNIMED VILHENA - COOPERATIVA DE TRABALHO MEDICO LTDA,RO,75988318.07000001,25329439.35666667,43414810.12802578
55990451000105,SANTA CASA DE MISERICÓRDIA E BENEFICÊNCIA PORTUGUESA,SP,75468773.58,25156257.86,43299302.30970302
45572583000163,GARANTIA DE SAÚDE LTDA,SP,74896962.03999999,24965654.01333333,42346371.201201186
00950062000164,CENTRO HOSPITALAR ATIBAIA LTDA.,SP,74578630.11000001,24859543.370000005,41057820.160773486
37880952000157,VIVACOM PLANOS DE SAÚDE,GO,72983717.36999999,24327905.789999995,41015581.11927015
42043067000153,UNIMED EXTREMO SUL COOPERATIVA DE TRABALHO MÉDICO,BA,71448224.14000002,23816074.71333334,39706660.65940297
20918393000124,OPERADORA DE PLANOS PRIVADOS DE SAÚDE - SANTA CASA SAÚDE LTDA,MS,71164666.38,23721555.459999997,21206719.42129458
02862447000103,NOSSA SAÚDE - OPERADORA PLANOS PRIVADOS DE ASSISTÊNCIA  À SAÚDE LTDA.,PR,69747825.23,23249275.076666668,38003880.65612093
78953023000108,UNIMED NORTE PIONEIRO - COOPERATIVA DE TRABALHO MÉDICO,PR,69677446.3,23225815.433333334,36567493.736041665
77858611000108,UNIMED GRANDE FLORIANÓPOLIS-COOPERATIVA DE TRABALHO MEDICO,SC,68754425.08999999,22918141.69666666,19245507.529179696
00338763000147,PLENA SAÚDE S.A.,SP,67348297.85000001,22449432.61666667,38576213.090780616
63554067000198,HAPVIDA ASSISTENCIA MEDICA S.A.,CE,66212749.31,22070916.436666667,19412377.12048224
50480953000172,UNIMED DE LIMEIRA COOPERATIVA DE TRABALHO MÉDICO,SP,65735900.53,21911966.843333334,37582384.372138605
29167970000168,"ASSOCIAÇÃO DOS SERVIDORES MUNICIPAIS, ESTADUAIS E FEDERAIS DO RIO DE JANEIRO",RJ,64987137.85,21662379.283333335,37331028.70152868
34844263000107,ELETROS SAÚDE - ASSOCIAÇÃO DE ASSISTÊNCIA À SAÚDE,RJ,64255676.220000006,21418558.740000002,31443281.39367236
01648339000161,VITA ASSISTÊNCIA A SAÚDE LTDA.,MG,63703817.08,21234605.69333333,33592987.897449575
07945024000162,ASSOCIAÇÃO DE ASSISTÊNCIA MÉDICO HOSPITALAR DOS MAGISTRADOS DO ESTADO DO PARANÁ,PR,63096452.8,21032150.933333334,36419897.51659749
35617257000171,CAIXA DE ASSISTÊNCIA DOS MAGISTRADOS DE PERNAMBUCO,PE,61437122.900000006,20479040.96666667,18643998.80428893
03658432000182,GEAP AUTOGESTÃO EM SAÚDE,DF,61283634.98,20427878.326666664,15962403.989382068
48717516000188,UNIMED DE LORENA COOPERATIVA DE TRABALHO MÉDICO,SP,60980511.779999994,20326837.259999998,35001826.637891084
00846662000187,LIV LINHAS INTELIGENTES DE ATENÇÃO À VIDA S/A,SP,60379237.48,20126412.493333332,33964037.92809422
04574626000162,CAIXA DE ASSISTÊNCIA À SAÚDE DOS SERVIDORES PÚBLICOS DO ESTADO DO MATO GROSSO DO SUL,MS,59091951.86,19697317.286666665,33720942.19971053
47565155000139,UNIMED DE PINDAMONHANGABA - COOPERATIVA TRABALHO MEDICO,SP,58213606.489999995,19404535.496666666,33412384.416918296
82624776000147,UNIMED BLUMENAU - COOPERATIVA DE TRABALHO MEDICO,SC,57880200.26,19293400.086666666,1332218.4546594485
11177786000133,ASSOCIAÇÃO MINEIRA DE ASSISTÊNCIA À SAÚDE DOS MEMBROS DO MINISTÉRIO PÚBLICO,MG,57632683.73,19210894.576666664,19061882.60767253
11340037000185,VALEM ADMINISTRADORA DE BENEFÍCIOS LTDA,MG,57398726.68000001,19132908.893333334,16979943.950204287
01356020000162,UNIMED MEIO OESTE CATARINENSE COOPERATIVA DE TRABALHO MÉDICO,SC,56849413.44,18949804.48,31061618.12327184
37382009000114,CAIXA DE ASSISTÊNCIA DOS EMPREGADOS DA SANEAGO,GO,56547217.5,18849072.5,31059285.52977804
00368318000120,UNIMED MARQUES DE VALENÇA COOPERATIVA DE TRABALHO MÉDICO LTDA.,RJ,56264590.57,18754863.523333333,32462073.461963627
45100138000109,UNIMED SAO JOSÉ DO RIO PRETO - COOP. DE TRABALHO MÉDICO,SP,55766598.06,18588866.02,16072922.115742866
90619818000180,HOSPITAL DE PRONTOCLINICA LTDA.,RS,55267936.14,18422645.38,16688001.551762998
29640612000120,CONFERÊNCIA SÃO JOSÉ DO AVAÍ,RJ,54877615.059999995,18292538.35333333,31334691.84040331
03702977000149,CAIXA DE ASSISTÊNCIA À SAUDE DOS EMPREGADOS DA CODEVASF - CASEC,DF,54502248.4,18167416.133333333,31394079.29959271
16692996000183,G2C ADMINISTRADORA DE BENEFICIOS LTDA - ME,RJ,53114475.76,17704825.253333334,10126800.038906371
33721226000130,SAMOC S.A. - SOCIEDADE ASSISTENCIAL MÉDICA E ODONTO CIRÚRGICA,RJ,50961915.75,16987305.25,27864982.06859003
72547623000190,SANTA CASA DE MISERICÓRDIA DE TUPÃ,SP,50939503.98,16979834.66,29244308.110015474
17670901000193,CORPORE ADMINISTRADORA DE BENEFICIOS DA SAUDE LTDA,SP,50115040.379999995,16705013.459999999,18564129.73896017
50368034000101,UNIMED DE AVARÉ COOPERATIVA DE TRABALHO MÉDICO,SP,50111087.25,16703695.75,28090576.10412145
24645912000189,PLANO DE SAÚDE DA SANTA CASA DE BRAGANÇA PAULISTA,SP,50095258.669999994,16698419.556666665,26855019.492284674
70523899000102,UNIMED VALE DO JAURU COOPERATIVA DE TRABALHO MÉDICO,MT,49543527.58,16514509.193333333,28051313.82467998
08380701000105,UNIMED NATAL SOC. COOP. DE TRAB. MÉDICO,RN,49396089.12,16465363.04,18291456.149157684
50876139000171,NOVA SAÚDE OPERADORA INTEGRADA DE SAÚDE LTDA,RJ,48409730.83,16136576.943333333,27939297.195034083
52204526000197,UNIODONTO PIRACICABA - COOPERATIVA ODONTOLÓGICA,SP,47941940.17,15980646.723333335,8729491.884315373
56762172000157,UNIMED DE TUPA COOPERATIVA DE TRABALHO MÉDICO,SP,46901956.58,15633985.526666665,26769664.55487201
03977587000181,SBC SAÚDE LTDA.,SP,46826579.75,15608859.916666666,14139557.07802702
87306361000149,UNIMED VALE DO CAÍ/RS - COOPERATIVA DE ASSISTÊNCIA À SAÚDE LTDA.,RS,45747090.46,15249030.153333334,25831292.303577516
78738101000151,DENTAL UNI - COOPERATIVA ODONTOLÓGICA,PR,44989335.370000005,14996445.123333335,25748971.790861227
00494870000164,UNIMED DE IBITINGA COOPERATIVA DE TRABALHO MÉDICO,SP,44360126.24,14786708.746666668,24811831.666009657
59847780000152,AUSTACLINICAS ASSISTÊNCIA MÉDICA E HOSPITALAR LTDA,SP,43818104.98,14606034.993333332,23240627.547025967
11073058000181,BENEVIX ADMINISTRADORA DE BENEFÍCIOS LTDA,ES,43578062.75,14526020.916666666,24985030.05751486
58119199000151,ODONTOPREV S/A,SP,43480848.17,14493616.056666667,23178018.281624943
02774736000142,OPERADORA UNIESTE DE PLANOS DE SAÚDE LTDA,RJ,43188067.88,14396022.626666667,23493267.53312746
04222989000139,UNIDENTIS ASSISTENCIA ODONTOLOGICA LTDA.,PB,42246262.85,14082087.616666667,11664340.047270067
02668512000156,H.B. SAÚDE S/A.,SP,42001493.949999996,14000497.983333332,22053894.46026262
21839519000138,UNIMED CONSELHEIRO LAFAIETE COOPERATIVA DE TRABALHO MÉDICO LTDA,MG,41834543.84,13944847.946666667,22664171.998639964
02172353000102,CAIXA ASSISTENCIAL UNIVERSITÁRIA DO RIO GRANDE DO NORTE,RN,41818376.629999995,13939458.876666665,23961493.754291248
71063853000110,UNIMED ITAÚNA COOPERATIVA DE TRABALHO MÉDICO LTDA.,MG,41399077.85,13799692.616666667,22272497.860277027
89640452000141,UNIMED REGIÃO DA CAMPANHA/RS - COOPERATIVA DE ASSISTÊNCIA À SAÚDE LTDA.,RS,40522073.72,13507357.906666666,22826854.288507454
38272479000198,PB ASSISTENCIA MEDICA EU LTDA,BA,39933326.44,13311108.813333333,16253711.941117637
41781949000153,UNIMED POÇOS DE CALDAS - SOC. COOP. DE TRAB. E SERVIÇOS MÉDICOS,MG,39520853.11,13173617.703333333,21843211.448199846
24294787000100,UNIMED SOUSA - COOPERATIVA DE TRABALHO MÉDICO,PB,39459522.36,13153174.12,10228631.090942824
26368613000170,UNIMED CARATINGA - COOPERATIVA DE TRABALHO MÉDICO LTDA,MG,39441117.1,13147039.033333333,22532446.50938961
23725062000166,UNIODONTO DE FORTALEZA COOPERATIVA DE TRABALHO ODONTOLOGICO LTDA,CE,39243307.589999996,13081102.53,14234810.152724244
17146846000137,PESSOAL SAÚDE PLANOS DE ASSISTÊNCIA MÉDICA LTDA,SP,39047151.78,13015717.26,11969737.094446408
00111826000128,UNIMED ARARUAMA COOPERATIVA DE TRABALHO MÉDICO LTDA,RJ,38513726.239999995,12837908.746666664,22001083.063004144
02812468000106,UNIMED NACIONAL - COOPERATIVA CENTRAL,SP,37459453.73,12486484.576666666,21511244.15421669
64388812000139,UNIMED TRÊS PONTAS - COOPERATIVA DE TRABALHO MÉDICO,MG,35926761.29,11975587.096666666,20706556.13068817
22720791000167,UNIMED INCONFIDENTES COOPERATIVA DE TRABALHO MÉDICO LTDA.,MG,35713761.56,11904587.186666667,19556600.22327522
15131148000132,AMHA SAUDE S/A,SP,35037237.24,11679079.08,20021289.04889877
12838821000180,FUNDAÇÃO FIAT SAÚDE E BEM ESTAR,MG,33996109.86,11332036.62,14012442.087578112
46124624000111,UNIMED CAMPINAS - COOPERATIVA DE TRABALHO MÉDICO,SP,33818929.35,11272976.450000001,19440545.441340692
03011072000122,PLANO HOSPITAL SAMARITANO LTDA,SP,33344608.6,11114869.533333333,9714209.420693722
57746455000178,MEDISERVICE OPERADORA DE PLANOS DE SAÚDE S.A.,SP,32700137.87,10900045.956666667,17619294.0380072
25063964000100,FUNDAÇÃO DE ASSISTÊNCIA À SAÚDE DA ASSOCIAÇÃO DO MINISTÉRIO PÚBLICO DO RIO GRANDE DO SUL,RS,32539637.59,10846545.863333333,15901018.222643053
66343534000129,UNIMED VIÇOSA - COOPERATIVA DE TRABALHO MÉDICO,MG,32253416.63,10751138.876666667,17024218.0620339
00034259000153,ASSOCIAÇÃO POLICIAL DE ASSISTÊNCIA A SAÚDE DA BAIXADA SANTISTA,SP,32166217.76,10722072.586666668,17389751.257289972
08225953000160,SANTA CASA DE MAUÁ SAÚDE,SP,32148286.71,10716095.57,17460190.42324348
00668790000188,CAIXA DE ASSISTÊNCIA SISTEMA SAÚDE INTEGRAL-SSI SAUDE,RS,32060379.75,10686793.25,13209054.656223256
02030246000131,ASSOCIAÇÃO BENEFICENTE DE ASSISTÊNCIA A SAÚDE DOS JUÍZES DO TRABALHO DA 15ª REGIÃO (ABAS 15),SP,31424194.43,10474731.476666667,17637905.045462556
27067508000163,ASSOCIAÇÃO SÃO LUIZ SAÚDE,SP,31386922.83,10462307.61,18119341.67508481
30460075000116,MÚTUA DOS MAGISTRADOS DO ESTADO DO RIO DE JANEIRO,RJ,31168047.919999998,10389349.306666667,9330349.51680972
03123146000112,BIO SAÚDE SERVIÇOS MÉDICOS LTDA,SP,31158189.61,10386063.203333333,9180752.186464963
22666341000133,PRONTOCLINICA E HOSPITAIS SAO LUCAS S/A,MG,31056009.83,10352003.276666665,15853617.142299252
25250820000162,UNIMED DIVINOPOLIS - COOPERATIVA DE TRABALHO MEDICO LTDA,MG,30463958.48,10154652.826666666,17345607.053294197
15594468000129,PLAMED PLANO DE ASSISTENCIA MEDICA LTDA,SE,30356015.59,10118671.863333333,12835157.481609952
29290152000158,UNIMED DE BARRA MANSA SOC. COOP. SERV.MED.E HOSPIT.,RJ,29965994.159999996,9988664.719999999,11845943.112839244
59901454000186,SANTA CASA DE MISERICORDIA HOSPITAL SÃO VICENTE,SP,29886217.009999998,9962072.336666666,17242653.034280304
25686544000180,UNIMED DE UBA COOPERATIVA DE TRABALHO MEDICO,MG,29645275.820000004,9881758.606666667,17047176.89524836
00840048000108,UNIMED DE PIRASSUNUNGA COOPERATIVA DE TRABALHO MÉDICO,SP,29493531.85,9831177.283333333,16489516.87812429
04222235000189,SEMPRE ODONTO PLANOS ODONTOLOGICOS LTDA,RJ,29214659.43,9738219.81,16805341.375275683
00580481000151,FUNDACAO CAPITAL PREVIDENCIA E SAUDE - CAPITAL PREV,ES,28916981.54,14458490.77,20429955.933612864
01867792000169,NACIONAL ODONTO OPERADORA DE PLANOS ODONTOLÓGICOS LTDA.,PE,28655576.45,9551858.816666666,12606016.136821058
00395266000180,MAIS SAÚDE PLANO DE SAÚDE LTDA,GO,28463315.47,9487771.823333332,16344708.605126625
67839969000121,AMEPLAN ASSISTÊNCIA MÉDICA PLANEJADA LTDA,SP,28335184.77,9445061.59,9106625.015563533
69289171000189,ATÍVIA SERVIÇOS DE SAÚDE S/A,SP,28054072.68,14027036.34,19810594.04704589
04002216000147,SV SAUDE ADMINSTRADORES DE PLANO DE SAUDE LTDA,RJ,28049879.78,9349959.926666668,16056559.323039563
01012474000116,UNIMED PONTE NOVA COOPERATIVA DE TRABALHO MEDICO LTDA,MG,27963640.400000002,9321213.466666667,8571233.830720892
03533726000188,UNIMED CUIABA COOPERATIVA DE TRABALHO MÉDICO,MT,27290882.52,9096960.84,14676633.498031495
03637776000105,FILOSANITAS SAUDE LTDA,SP,27096226.54,9032075.513333334,15279656.969265874
02852017000100,SISTEMAS E PLANOS DE SAÚDE LTDA.,SP,27042975.150000002,9014325.05,7805173.359314718
12049486000131,ASSOCIAÇÃO PARANAENSE DE ASSISTÊNCIA À SAUDE DOS MEMBROS DO MINISTERIO PUBLICO DO PARANÁ,PR,26802996.35,8934332.116666667,11951911.695612567
40187311000126,GOCARE PLANOS DE SAUDE LTDA,SP,26643936.650000002,8881312.216666667,13016160.035342889
34811615000110,UP HEALTH ADMINISTRADORA DE BENEFÍCIOS S/A,ES,26621411.57,8873803.856666667,9231723.417718196
19878404000100,FUNDAÇÃO SÃO FRANCISCO XAVIER,MG,26269085.060000002,8756361.686666667,5776260.302735199
17689407000170,UNIMED JUIZ DE FORA COOPERATIVA DE TRABALHO MÉDICO LTDA,MG,26267575.849999998,8755858.616666665,11751143.336982166
13100755000100,ASSOCIACAO DOS PROFESSORES UNIVERSITÁRIOS DA BAHIA,BA,26267397.88,8755799.293333333,15152765.509294579
92240605000178,ON MED ASSISTÊNCIA MÉDICA LTDA,RS,26262046.47,8754015.49,15099347.630713677
37135365000133,ESMALE ASSISTENCIA INTERNACIONAL DE SAUDE LTDA.,AL,26247605.099999998,8749201.7,7232839.434955439
13086566000120,CAIXA DE ASSISTÊNCIA DOS EMPREGADOS DO BANESE,SE,26138918.87,8712972.956666667,8701424.4568033
11165556000154,ALLCARE ADMINISTRADORA DE BENEFÍCIOS EM SAÚDE LTDA.,DF,25557237.82,8519079.273333333,6062918.117430607
62476676000103,INTERMEDICI PIRACICABA ASSISTENCIA MEDICA LTDA,SP,25408497.41,8469499.136666667,13464588.809179587
24243925000121,UNIODONTO MACEIÓ COOPERATIVA ODONTOLÓGICA,AL,25374552.990000002,8458184.33,13357248.914365776
03773153000160,TERRAMAR ADMINISTRADORA DE PLANO DE SAUDE LTDA,BA,24903947.74,8301315.913333333,10006631.381207014
00946953000147,UNIMED TRÊS RIOS COOPERATIVA DE TRABALHO MÉDICO,RJ,24734718.08,8244906.026666666,13008702.880746866
85283299000191,UNIMED CHAPECÓ - COOPERATIVA DE TRABALHO MÉDICO DA REGIÃO OESTE CATARINENSE,SC,24364839.65,8121613.216666666,8720731.49677547
72127210000156,IRMANDADE DA SANTA CASA DE MISERICÓRDIA E MATERNIDADE DONA ZILDA SALVAGNI,SP,24128214.009999998,8042738.003333333,13710289.553370317
15156097000101,UNIBEN ADMINISTRADORA DE BENEFÍCIOS LTDA,MG,24045916.14,8015305.38,7990624.727192968
46614535000153,AME VVIDA PLANOS DE SAUDE INTEGRADO LTDA.,RO,23887517.55,7962505.850000001,12999028.686673084
32421708000102,BEST SENIOR OPERADORA DE SAÚDE LTDA,ES,23240724.2,7746908.066666666,13412109.770942274
02403281000159,SAMP ESPIRITO SANTO ASSISTENCIA MEDICA SA,ES,23114661.87,7704887.29,5067043.732482441
33922160000147,ASSOCIAÇÃO FCA SAÚDE,MG,22999962.84,7666654.28,8188532.679202604
09298037000112,IBBCA 2008 GESTÃO EM SAÚDE LTDA,RJ,22472165.5,7490721.833333333,8882782.236352876
74466137000172,UNIMED DE GUARULHOS COOPERATIVA DE TRABALHO MÉDICO,SP,21861922.439999998,7287307.4799999995,4089631.253279028
76882612000117,CLINIPAM CLINICA PARANAENSE DE ASSISTENCIA MEDICA LTDA,CE,21756398.439999998,7252132.813333333,4308171.845179452
49792664000120,SUL DO PARÁ LTDA,PA,21363721.45,7121240.483333333,7520343.094204604
30951661000163,TECBEN ADMINISTRADORA DE BENEFICIOS LTDA.,SP,21310878.34,7103626.113333333,4110205.3312296895
17505793000101,ABERTTA SAÚDE - ASSOCIAÇÃO BENEFICENTE DOS EMPREGADOS DA ARCELORMITTAL NO BRASIL,MG,21219629.62,7073209.873333334,6207464.056851347
04201372000137,UNIMED BELÉM COOPERATIVA DE TRABALHO MÉDICO,PA,20831414.46,6943804.82,2846200.1209871676
02896924000143,POLI SAUDE OPERADORA DE PLANO DE SAUDE LTDA,PR,20801303.71,6933767.903333333,11947137.086697603
37035441000139,SELECT OPERADORA DE PLANO DE SAUDE LTDA,GO,20714780.48,6904926.826666667,11828321.645794239
68682715000105,PLAMER PLANO MEDICO RESENDE LTDA,RJ,20440568.090000004,6813522.696666668,11427526.497255957
69087922000184,UNIMED NORTE PAULISTA - COOPERATIVA DE TRABALHO MÉDICO,SP,19888413.89,6629471.296666667,11083943.043067917
25205234000104,R.M.I. OPERADORA DE SAÚDE INTEGRADA LTDA,SP,19464647.77,9732323.885,13457686.827768523
34011288000111,ASSOCIAÇÃO DOS AUDITORES FISCAIS DA RECEITA ESTADUAL DO RIO DE JANEIRO,RJ,19221573.439999998,6407191.146666666,10135661.833314097
01569902000106,UNIMED CAÇADOR COOPERATIVA DE TRABALHO MÉDICO DA REGIÃO DO CONTESTADO,SC,19157762.35,6385920.783333334,10592762.801357588
15215452000168,CAIXA DE ASSISTÊNCIA DOS EMPREGADOS DO BANEB,BA,19096692.88,6365564.293333333,6773630.33208133
26114773000192,MEDIATORIE ADMINISTRADORA DE BENEFÍCIOS S/A,ES,18788557.63,6262852.543333333,10625803.3066991
28974020000182,UNIMED NOROESTE FLUMINENSE - COOPERATIVA DE TRABALHO MÉDICO LTDA,RJ,18689007.89,6229669.296666667,10163088.724125814
41077489000187,AMPLA PLANOS DE SAUDE LTDA,RJ,18656160.98,9328080.49,2218837.496321621
60214517000105,UNIMED SAO JOSE DOS CAMPOS - COOPERATIVA DE TRABALHO MEDICO,SP,17565517.080000002,5855172.36,4796767.218677789
02220135000198,ASSOCIAÇÃO GOIANA DO MINISTÉRIO PÚBLICO,GO,17426172.27,5808724.09,7352187.954186767
19962272000109,BRASILDENTAL OPERADORA DE PLANOS ODONTOLÓGICOS S.A.,SP,16950858.63,5650286.21,9267267.329639124
21205801000163,"CAIXA DE ASSISTÊNCIA À SAÚDE DOS TRABALHADORES NAS INDÚSTRIAS METALÚRGICAS, MECÂNICAS E DO MATERIAL ELÉTRICO DE BRUSQUE",SC,16529271.54,5509757.18,4941364.297691378
44673382000190,OMINT SERVIÇOS DE SAÚDE S.A.,SP,16247699.45,5415899.816666666,5541325.955715041
02849393000138,BENSAUDE PLANO DE ASSISTENCIA MEDICA HOSPITALAR LTDA.,SP,16221200.100000001,5407066.7,551149.4060633613
09164784000168,VIDAMAX ADMINISTRADORA DE BENEFÍCIOS LTDA,SP,16050540.02,5350180.006666667,4945073.18639547
21490586000190,COOPERATIVA DE TRABALHO MÉDICO DE POUSO ALEGRE,MG,15783557.45,5261185.816666666,3278657.7607996822
49320799000192,ECONOMUS INSTITUTO DE SEGURIDADE SOCIAL,SP,15742303.290000001,5247434.430000001,4541483.923305089
72234164000194,UNIMED ALTO JACUÍ/RS - COOPERATIVA DE ASSISTÊNCIA À SAÚDE LTDA,RS,15489615.08,5163205.026666666,8331219.041130081
37275625000176,UNIMED RIO VERDE COOPERATIVA TRABALHO MEDICO,GO,15423331.84,5141110.613333333,3028111.85898754
14891935000110,ODONTO SEG OPERADORA DE PLANOS ODONTOLOGICOS S.A.,SP,15415911.809999999,5138637.27,5101009.522482644
85377174000120,UNIMED LITORAL COOPERATIVA DE TRABALHO MÉDICO LTDA,SC,15380397.629999999,5126799.21,8741168.965308856
78931391000155,UNIMED COSTA OESTE - COOPERATIVA DE TRABALHO MÉDICO,PR,15250577.990000002,5083525.996666667,7077271.73737288
59527440000144,UNIODONTO DE JUNDIAÍ COOPERATIVA ODONTOLÓGICA,SP,15164411.91,5054803.97,5062244.88137144
01647867000104,UNIMED INTRAFEDERATIVA FEDERAÇÃO REGIONAL SUL DE MINAS,MG,15102959.35,5034319.783333333,8658703.301179886
65732836000126,UNIMED DE BIRIGUI - COOPERATIVA DE TRABALHO MÉDICO,SP,15010919.32,5003639.773333333,8094918.029017013
40294225000112,UNIMED DE CAMPOS COOPERATIVA DE TRABALHO MÉDICO,RJ,14931411.59,4977137.196666666,7570606.348749132
64327059000171,UNIMED CATAGUASES COOPERATIVA DE TRABALHO MÉDICO LTDA,MG,14623651.68,4874550.56,8164227.70370926
85246916000189,COOPERATIVA DE TRABALHO MEDICO REGIÃO DO PLANALTO SERRANO,SC,14586651.78,4862217.26,8316908.525343461
21575709000195,SANTA CASA DE MISERICÓRDIA DE JUIZ DE FORA,MG,14322541.649999999,4774180.55,346273.07939681184
00730439000170,UNIMED PONTAL DO TRIÂNGULO - COOPERATIVA DE TRABALHO MÉDICO,MG,14284035.92,4761345.306666667,7653167.567820281
23031479000129,UNIODONTO DE MANAUS - COOPERATIVA ODONTOLÓGICA LTDA.,AM,14226946.46,4742315.486666667,4711746.804355415
39419809000198,PASA - PLANO DE ASSISTENCIA A SAUDE DO APOSENTADO DA VALE,RJ,14201202.32,4733734.106666666,4133141.324989412
59762062000183,ASSOCIAÇÃO POLICIAL DE ASSISTÊNCIA À SAÚDE DE ARAÇATUBA (APAS),SP,14197529.599999998,4732509.866666666,7584429.582151363
27626696000112,UNIMED CABO FRIO COOPERATIVA TRABALHO MÉDICO LTDA.,RJ,14148924.33,4716308.11,7883522.22559042
57272510000135,ASSOCIAÇÃO POLICIAL DE ASSISTÊNCIA À SAÚDE,SP,14116934.74,4705644.913333333,7524421.895854819
00307714000147,ASSOCIAÇÃO VALEPARAIBANA DE ASSISTÊNCIA MÉDICA POLICIAL,SP,14094149.080000002,4698049.693333334,7991977.418285159
65442162000125,UNIODONTO DE ARARAQUARA COOPERATIVA ODONTOLÓGICA,SP,13964255.030000001,4654751.676666667,4242253.2543314155
02752923000125,PROASA SAÚDE,DF,13931556.84,4643852.28,8029777.546841007
84537141000138,SAMEL PLANO DE SAÚDE LTDA,AM,13234624.76,4411541.586666667,3009000.5154137122
04503249000170,ASSOCIAÇÃO DOS FUNCIONÁRIOS FISCAIS DO ESTADO DO AMAZONAS - AFFEAM,AM,13188721.83,4396240.61,7106875.497320996
53454617000143,SISTEMA TOTAL DE SAÚDE LTDA.,SP,13181053.01,4393684.336666667,7331239.1547133215
45309606000141,UNIMED FRANCA - SOCIEDADE COOPERATIVA DE SERVIÇOS MÉDICOS E HOSPITALARES,SP,13149459.709999999,4383153.236666666,2244044.16503358
96182068000108,UNIMED DE SAO JOSÉ DO RIO PARDO-COOP. DE TRAB. MÉDICO,SP,13140762.77,4380254.256666667,7510575.263474749
45467404000128,UNIMED DE REGISTRO COOPERATIVA DE TRABALHO MÉDICO,SP,13107675.329999998,4369225.109999999,7483640.927050516
77893469000121,HOSPITAL DE CARIDADE SÃO VICENTE DE PAULO,PR,13105795.290000001,4368598.430000001,4888996.82502643
03657699000155,SINDIFISCO NACIONAL - SINDICATO NACIONAL DOS AUDITORES-FISCAIS DA RECEITA FEDERAL DO BRASIL,DF,12905433.25,4301811.083333333,2637924.8549374044
36186642000174,PD BRASIL ASSISTENCIA ODONTOLOGICA LTDA,MG,12633932.379999999,4211310.793333333,3876556.6784337834
80297161000128,UNIMED NORTE DO PARANÁ COOPERATIVA REGIONAL DE TRABALHO MÉDICO,PR,12624618.18,4208206.06,7165855.800997475
96396395000162,UNIODONTO PAULISTA-FEDERAÇÃO DAS COOPERATIVAS ODONTOLÓGICAS DO ESTADO DE SÃO PAULO,SP,12503598.25,4167866.0833333335,6980953.239206813
42939207000176,UNIMED CAMPO BELO- COOPERATIVA DE TRABALHO MÉDICO,MG,12495488.59,4165162.8633333333,6855936.620397195
37313475000148,UNIMED PALMAS COOPERATIVA DE TRABALHO MÉDICO,TO,12443260.44,4147753.48,4479436.771574478
81064511000179,UNIMED APUCARANA COOPERATIVA DE TRABALHO MÉDICO,PR,12345214.069999998,4115071.356666666,5116557.671926357
78044815000160,UNIMED GUARAPUAVA COOPERATIVA DE TRABALHO MÉDICO,PR,12343304.7,4114434.9,1974146.2914730876
77781706000162,UNIMED PONTA GROSSA COOPERATIVA DE TRABALHO MEDICO,PR,12341421.45,4113807.15,6237571.070791497
75222224000147,UNIMED DE LONDRINA COOPERATIVA DE TRABALHO MÉDICO,PR,12157309.29,4052436.4299999997,4120752.4063360975
62550256000120,NOTRE DAME INTERMÉDICA MINAS GERAIS SAÚDE S.A.,CE,12037605.82,4012535.2733333334,5322522.767570745
02315431000172,CAIXA DE ASSISTÊNCIA DOS EMPREGADOS DO BANCO DO ESTADO DO RIO GRANDE DO SUL,RS,12028967.78,4009655.9266666663,2892181.311632208
12317012000123,ASSOCIAÇÃO DO FISCO DE ALAGOAS,AL,12011471.71,4003823.903333334,2165667.4568523057
02687852000124,UNIMED DE ANDRADINA - COOPERATIVA DE TRABALHO MÉDICO,SP,12007218.16,4002406.053333333,6482445.34317693
59007799000190,ASSOCIACAO DE SAUDE HOLAMBRA,SP,11977447.81,3992482.6033333335,6913955.135614344
37319040000100,VOCÊ TOTAL PLANOS DE SAÚDE LIMITADA,SP,11825331.48,3941777.16,5800217.439705063
29780384000194,HSMED SAUDE LTDA,RJ,11705010.129999999,3901670.043333333,3513631.606324369
34732056000152,ATITUDE SAÚDE ASSISTÊNCIA MEDICA LTDA,BA,11681877.54,3893959.1799999997,5935923.879150706
00262338000111,UNIMED DE ADAMANTINA-COOPERATIVA DE TRABALHO MÉDICO,SP,11652747.97,3884249.3233333337,5506617.624447047
08202035000115,ASSOCIAÇÃO DE ASSISTÊNCIA À SAÚDE DOS EMPREGADOS DA COPASA,MG,11442970.209999999,3814323.403333333,4512290.713825767
17827384000113,LANCERS ADMINISTRADORA DE BENEFÍCIOS DE SAÚDE LTDA.,SP,11347474.409999998,3782491.4699999993,6541511.016580893
42892281000184,UNIMED GOVERNADOR VALADARES COOP. DE TRABALHO MÉDICO LTDA.,MG,11309057.5,3769685.8333333335,3993957.9299039887
20946877000187,AMPARA ASSISTÊNCIA MÉDICA PARAÍSO LTDA,MG,11300571.68,3766857.2266666666,6471287.205342536
00531736000196,UNIODONTO JACAREÍ COOPERATIVA ODONTOLÓGICA,SP,11249876.2,3749958.733333333,3398573.1100230017
01402285000150,DENTAL GOLD ASSISTÊNCIA ODONTOLÓGICA LTDA.,PB,11158747.67,3719582.5566666666,3404316.357750406
03013779000178,ANGELI SISTEMAS DE SAUDE S.A.,PR,10968152.620000001,3656050.8733333335,6227966.780264007
68709211000131,UNIMED RESENDE COOPERATIVA DE TRABALHO MÉDICO,RJ,10942209.45,3647403.15,3018911.823234246
82996703000186,UNIMED DE CRICIÚMA COOPERATIVA DE TRABALHO MÉDICO DA REGIÃO CARBONÍFERA,SC,10897482.120000001,3632494.0400000005,5217131.129512971
12055813000168,CEMIG SAÚDE,MG,10750554.12,3583518.0399999996,3983410.1010732255
92128610000193,"UNIMED VALE DAS ANTAS, RS - COOPERATIVA DE ASSISTÊNCIA À SAÚDE LTDA.",RS,10681567.94,3560522.6466666665,3078486.5550727984
03638220000133,PLANO DE SAUDE ASES LTDA.,RJ,10363901.57,3454633.856666667,5802314.493703738
69259356000140,S.P.A SAUDE- SISTEMA DE PROMOÇÃO ASSISTENCIAL,SP,10275900.76,3425300.2533333334,4524475.199012032
01747987000175,EXTRAMED ADMINISTRAÇÃO E SERVIÇOS MÉDICOS LTDA,PR,10262551.8,3420850.6,3062946.753480758
72918287000144,ASSOCIAÇÃO POLICIAL DE ASSISTÊNCIA À SAÚDE DE RIBEIRÃO PRETO (APAS),SP,10130453.62,3376817.873333333,4776126.8019501
39384664000137,UNIMED NOROESTE CAPIXABA COOPERATIVA DE TRABALHO MÉDICO.,ES,10084290.99,3361430.33,4916826.0432629585
71695746000105,UNIMED DE LINS - COOPERATIVA DE TRABALHOS MÉDICOS,SP,10012739.6,3337579.8666666667,5059203.771502207
03548273000163,MEDIC GLOBAL PLANOS DE SAÚDE LTDA.,MG,9909574.67,3303191.5566666666,5697705.268430494
66343559000122,UNIMED TEOFILO OTONI COOPERATIVA DE TRABALHO MÉDICO,MG,9832506.01,3277502.0033333334,2230341.959364654
39427632000171,ASSOCIAÇÃO PETROBRAS DE SAÚDE - APS,RJ,9747191.190000001,3249063.7300000004,3122999.392622268
71753297000104,ASSOCIAÇÃO POLICIAL DE ASSISTENCIA À SAUDE DE SAO JOAO DA BOA VISTA,SP,9564171.85,3188057.283333333,4703276.290218484
31097886000167,PERSONAL CARE OPERADORA DE SAÚDE SA,SP,9470698.350000001,4735349.175000001,6634997.838837381
04911101000175,VIVENTERIS LTDA,PR,9445258.33,3148419.4433333334,5209267.442215079
24676884000167,UNIMED RONDONOPOLIS COOPERATIVA DE TRABALHO MÉDICO LTDA,MT,9341751.2,3113917.0666666664,3991143.2455218085
81710865000143,UNIMED NOROESTE DO PARANÁ COOP DE TRABALHO MÉDICO .,PR,9290519.120000001,3096839.706666667,1975412.880386325
60633369000163,UNIMED DE BEBEDOURO COOPERATIVA DE TRABALHO MÉDICO,SP,9285848.23,3095282.7433333336,3631533.789804038
29910807000143,RIO DOCE SAÚDE,ES,9220822.81,3073607.6033333335,5308735.380118352
78613841000161,ASSOCIAÇÃO EVANGELICA BENEFICENTE DE LONDRINA,PR,9176114.69,3058704.8966666665,3522307.688804623
23869306000184,ASSOCIAÇÃO PADRE ALBINO SAÚDE,SP,8861442.43,2953814.143333333,234649.9379213439
05657234000120,UNIMED PORTO VELHO - SOCIEDADE COOPERATIVA MÉDICA LTDA,RO,8833273.780000001,2944424.5933333337,568492.693751257
05868278000107,UNIMED DE FORTALEZA SOCIEDADE COOPERATIVA MÉDICA LTDA.,CE,8830798.95,2943599.65,4165888.463183815
05011316000100,HBC SAÚDE LTDA.,SP,8821432.31,2940477.436666667,3937410.367242679
11792899000149,PLATINUM ADMINISTRADORA DE BENEFICIOS,DF,8715132.290000001,2905044.096666667,4919839.593008346
45118429000116,UNIMED DE CATANDUVA - COOPERATIVA DE TRABALHO MÉDICO,SP,8666138.44,2888712.813333333,157711.0011125703
35908607000159,CAMIM OPERADORA DE PLANO DE SAÚDE LTDA,RJ,8657776.719999999,2885925.573333333,2448897.3471143823
14408631000159,FUNDAÇÃO PLAMHUV - PLANO MÉDICO HOSPITALAR DOS HOSPITAIS UNIDOS DE VIÇOSA,MG,8625240.209999999,2875080.07,4921424.335634808
66191263000133,UNIMED JOÃO MONLEVADE COOPERATIVA DE TRABALHO MÉDICO LTDA.,MG,8552844.2,2850948.0666666664,2062879.3829223095
02866602000151,SUL AMÉRICA PARANÁ CLÍNICAS SERVIÇOS DE SAÚDE S.A.,SP,8488321.8,2829440.6,3433033.8253792366
00841848000143,ASSOCIAÇÃO POLICIAL DE ASSISTÊNCIA À SAÚDE APAS,SP,8416012.33,2805337.4433333334,2534869.3680749517
45399961000159,UNIMED SOROCABA COOPERATIVA DE TRABALHO MÉDICO,SP,8384675.050000001,2794891.6833333336,2368187.248991932
13816250000146,OPLAN SAÚDE OPERADORA DE PLANO DE SAÚDE LTDA,RJ,8365663.63,2788554.5433333335,4809573.183813968
28630531000187,UNIMED-SÃO GONÇALO - NITERÓI - SOC.COOP.SERV.MED E HOSP LTDA,RJ,8269830.470000001,2756610.1566666667,2448935.0546659105
81715716000177,UNIMED REGIONAL DE CAMPO MOURÃO COOP TRAB MEDICO,PR,7965724.04,2655241.3466666667,4190936.15544315
12380335000161,BENEFIT ADMINISTRADORA DE BENEFÍCIOS LTDA.,SP,7880773.529999999,2626924.51,1355127.2391460575
53678264000165,UNIMED LESTE PAULISTA COOPERATIVA DE TRABALHO MÉDICO,SP,7650245.74,2550081.9133333336,1933970.2529710324
35988963000120,UNIMED NORTE CAPIXABA- COOPERATIVA DE TRABALHO MÉDICO,ES,7649148.61,2549716.2033333336,4333903.134142166
54012406000113,UNIMED ANHANGUERA COOPERATIVA DE TRABALHO MÉDICO,SP,7610362.13,2536787.3766666665,100470.76262373658
49210966000142,UNIMED REGIONAL DA BAIXA MOGIANA - COOPERATIVA DE TRABALHO MÉDICO,SP,7607207.720000001,2535735.9066666667,2533564.5012717447
07983974000181,"VOCÊ CLUBE DE BENEFÍCIOS SOCIAIS, SAÚDE E ODONTOLÓGICO LTDA",SP,7585419.66,2528473.22,1347914.6842354937
03627391000167,SOCIEDADE DE ASSISTÊNCIA MÉDICA - SAMEISA,RS,7486237.9399999995,2495412.6466666665,3195197.1812119326
11214624000128,UNIMED RECIFE COOPERATIVA DE TRABALHO MÉDICO,PE,7390292.93,2463430.9766666666,1273912.5621942037
49955478000164,AURORA SAÚDE LTDA,MG,7330402.96,2443467.6533333333,3207702.344008269
11076382000153,UNIX SAÚDE S.A,BA,7275334.71,2425111.57,529791.2169075594
13001218000102,ASSOCIAÇÃO SANTA SAÚDE,SP,7250689.5600000005,2416896.52,2084633.7195716084
01052203000194,CAIXA ASSISTENCIAL UNIVERSITARIA DO RIO DE JANEIRO,RJ,7100405.279999999,2366801.76,4092955.33598996
18321477000134,ASSOCIAÇÃO SANTA CASA SAÚDE DE SÃO JOSÉ DOS CAMPOS,SP,6996567.02,2332189.0066666664,2340578.0195672843
34063123000193,UNIMED DO OESTE DA BAHIA COOPERATIVA DE TRABALHO MÉDICO,BA,6875792.45,2291930.816666667,3852702.775679207
20160828000114,ASSOCIAÇÃO DOS SERVIDORES PÚBLICOS DA ADMINISTRAÇÃO DIRETA DO GOVERNO DO ESTADO DO PARÁ - ASPARÁ,PA,6861810.27,2287270.09,3579577.5453607156
97388490000187,UNIMED COSTA DO DESCOBRIMENTO COOPERATIVA DE TRABALHO MÉDICO,BA,6747670.4799999995,2249223.493333333,2853215.996447844
73162760000179,UNIODONTO DE SÃO JOSÉ DOS CAMPOS COOPERATIVA DE TRABALHO ODONTOLÓGICO,SP,6697897.83,2232632.61,818412.3397849353
02314168000105,UNIMED CAJAZEIRAS - SOCIEDADE COOPERATIVA DE TRABALHO MÉDICO,PB,6660108.45,2220036.15,2262022.980670001
12923462000160,UNIODONTO DE JOÃO PESSOA COOPERATIVA ODONTOLÓGICA,PB,6657615.5200000005,2219205.1733333333,3634120.7905335953
17790718000121,UNIMED UBERLÂNDIA COOPERATIVA REGIONAL TRABALHO MÉDICO LTDA,MG,6616586.56,2205528.853333333,3461907.8907408444
01554266000149,UNIMED DE BRUSQUE COOPERATIVA DE TRABALHO MÉDICO,SC,6601484.28,2200494.7600000002,1912041.952503252
11939445000158,ASSOCIAÇÃO DE SAÚDE PORTUGUESA DE BENEFICÊNCIA,SP,6502823.3,2167607.7666666666,3605997.4841495496
28806545000109,UNIMED PETROPOLIS-RJ COOPERATIVA DE TRABALHO MÉDICO,RJ,6485425.6,2161808.533333333,2210852.887531433
48982275000102,INNOVA PLANO DE SAUDE LTDA,RO,6485395.709999999,2161798.57,2907922.925123105
66872888000160,UNIMED DE MARILIA COOPERATIVA DE TRABALHO MÉDICO,SP,6396549.0,2132183.0,1249051.4606602956
03219363000100,SEPACO SAÚDE LTDA,SP,6369685.08,2123228.36,386359.20881793654
71925531000133,UNIMED DE BARRETOS COOPERATIVA DE TRABALHO MÉDICO,SP,6315280.16,2105093.3866666667,1841705.3069732874
15323270000100,ASSOCIAÇÃO MAIS SAÚDE SANTA CASA DE SÃO JOÃO DA BOA VISTA,SP,6308689.44,2102896.48,3608841.7994104926
00642842000147,ASSOCIAÇÃO POLICIAL DE ASSISTÊNCIA À SAÚDE - VALE DO RIBEIRA,SP,6292122.29,2097374.0966666667,1592691.8002730785
11867361000156,ASSOCIAÇÃO SAÚDE SÃO JOSÉ,SC,6283450.01,2094483.3366666667,156204.13534904135
10767219000174,PLANO DE ASSISTÊNCIA ODONTOLÓGICA FAUCHARD LTDA. ME,BA,6251777.82,2083925.9400000002,3526632.956686213
35436658000125,DENTAL CENTER LTDA,PB,6199666.14,2066555.38,3261507.899180832
00453863000114,MED-TOUR ADMINISTRADORA DE BENEFÍCIOS E EMPREENDIMENTOS LTDA.,SP,6088361.470000001,2029453.8233333335,2317250.843273533
81076069000109,UNIMED DE PARANAVAÍ COOPERATIVA DE TRABALHO MÉDICO,PR,6080948.59,2026982.8633333333,1401532.2504259548
70094578000130,COMSEDER - COOPERATIVA DE ASSISTÊNCIA MÉDICA DOS SERVIDORES DA SUPLAN E DO DER LTDA,PB,6053045.99,2017681.9966666668,3352104.162066242
05814777000103,CAIXA DE ASSISTÊNCIA DOS FUNCIONÁRIOS DO BANCO DO NORDESTE DO BRASIL,CE,6049123.79,2016374.5966666667,3414444.57928181
14576780000127,MEDGOLD ASSISTENCIA MEDICA LTDA - ME,MG,6006916.220000001,2002305.406666667,3325136.223634678
39210844000100,UNIMED CENTRO SUL FLUMINENSE COOPERATIVA DE TRABALHO MÉDICO,RJ,5952222.84,1984074.28,2785600.0890230997
85177194000158,COOPERATIVA DE TRABALHO MÉDICO DO PLANALTO NORTE DE SANTA CATARINA LTDA,SC,5900477.36,1966825.7866666669,948475.5721227741
65422339000121,UNIMED AMPARO COOPERATIVA DE TRABALHO MÉDICO,SP,5794257.95,1931419.3166666667,1597085.9471252442
27085968000114,CAIXA DE ASSISTÊNCIA AOS MEMBROS DA DEFENSORIA PÚBLICA DO ESTADO DO RIO DE JANEIRO,RJ,5745142.55,1915047.5166666666,3083291.3081189734
03849449000117,ASSOCIAÇÃO ASSISTENCIAL DE SAÚDE SUPLEMENTAR CRUZ AZUL SAÚDE,SP,5729616.850000001,1909872.2833333334,2488284.4710565316
17845504000105,UNIMED VARGINHA COOPERATIVA DE TRABALHO MÉDICO,MG,5720724.96,1906908.32,1911523.5189185995
51107481000170,EVOLUÇÃO ADMINISTRADORA DE BENEFICIOS LTDA,MG,5711330.79,1903776.93,840988.495174097
03033006000153,CAIXA DE ASSISTÊNCIA OSWALDO CRUZ,RJ,5687261.0600000005,1895753.6866666668,131894.845888358
33601568000117,CAIXA DE ASSISTÊNCIA DOS EMPREGADOS DO SETOR PÚBLICO DO ESTADO DE GOIÁS - CAEME,GO,5678458.16,1892819.3866666667,2229580.670504311
87547444000120,ASSOCIAÇÃO DR. BARTHOLOMEU TACCHINI,RS,5650182.51,1883394.17,1987379.6979762088
44477823000188,INTEGRA ASSISTENCIA MEDICA SA,SP,5602272.21,1867424.07,2582661.1192032737
40853020000120,UNIMED VALE DO SÃO FRANCISCO COOPERATIVA DE TRABALHO MÉDICO,PE,5539270.84,1846423.6133333333,2722608.9792336645
03230123000107,UNIMED CENTRO PAULISTA - FEDERAÇÃO INTRAFEDERATIVA DAS COOPERATIVAS MÉDICAS,SP,5416031.640000001,1805343.8800000001,3060934.2742905556
81710543000102,UNIMED FRANCISCO BELTRAO COOPERATIVA DE TRABALHO MEDICO,PR,5340095.3,1780031.7666666666,1405770.9556799035
87607149000111,UNIMED PLANALTO MÉDIO/RS - COOPERATIVA DE ASSISTÊNCIA À SAÚDE LTDA.,RS,5299016.029999999,1766338.6766666665,31193.79446413384
69015113000167,UNIODONTO DE AMERICANA COOPERATIVA ODONTOLÓGICA,SP,5181164.7,1727054.9000000001,1691721.7698812757
44863959000126,UNIMED DE PRESIDENTE PRUDENTE COOPERATIVA DE TRAB. MÉDICO,SP,5177349.18,1725783.0599999998,2028453.799990439
50432863000106,MATÃO CLINICAS & AMHMA SAÚDE LTDA,SP,5112039.76,1704013.2533333332,2391377.638829842
13026081000140,FUNDO DE ASSISTÊNCIA MÉDICO-HOSPITALAR DO MINISTÉRIO PÚBLICO,MS,5046978.6,1682326.2,2904349.441158067
42182170000184,CAIXA DE ASSISTÊNCIA À SAÚDE - CABERJ,RJ,4940485.5600000005,1646828.5200000003,171504.85911863722
24277422000177,UNICONSULT - ADMINISTRADORA DE BENEFICIOS E SERVICOS LTDA,SP,4868967.88,1622989.2933333332,2605952.890851802
19240452000179,BCI ADMINISTRADORA DE BENEFÍCIOS LTDA.,SP,4823329.67,1607776.5566666666,769314.6028016818
14946109000120,ASSOCIAÇÃO SÃO FRANCISCO VIDA,SP,4783938.11,1594646.0366666669,1364877.9034115346
16415598000110,UNIMED DO SUDOESTE COOPERATIVA DE TRABALHO MEDICO LTDA,BA,4748123.609999999,1582707.8699999999,1399447.1014248903
03694367000140,AESP ODONTO ASSISTÊNCIA ODONTOLÓGICA S/S LTDA EPP,SP,4722465.88,1574155.2933333332,2631510.8001580117
87158507000156,COOPERATIVA CENTRAL UNIMED DE COOPERATIVAS DE ASSISTÊNCIA À SAÚDE DO RIO GRANDE DO SUL LTDA.,RS,4678762.74,1559587.58,2546738.5405679764
28023703000154,ÔNIX OPERADORA DE PLANOS DE SAÚDE LTDA,RJ,4606519.59,1535506.53,1927654.9231702872
42889436000123,UNIMED ALTO SÃO FRANCISCO COOPERATIVA DE TRABALHO MÉDICO,MG,4572685.7,1524228.5666666667,1380917.9834875795
25906728000108,COOPERATIVA DE TRABALHO ODONTOLOGICO - UNIODONTO ITAJUBÁ,MG,4545584.149999999,1515194.7166666666,2568112.332403762
26291484000169,UNIMED GUAXUPÉ COOPERATIVA DE TRABALHO MEDICO,MG,4428847.18,1476282.3933333333,781273.5963200845
00172586000171,UNIODONTO DE PRESIDENTE PRUDENTE COOPERATIVA ODONTOLOGICA,SP,4410347.23,1470115.7433333334,2184064.918821579
17897995000138,PLADISA PLANOS DE SAÚDE SA,SC,4407197.5600000005,1469065.8533333335,379147.8322216916
35657268000185,ASSOCIAÇÃO DE SAÚDE DO VALE,SC,4319185.08,1439728.36,1332181.0966752542
78304672000188,CAIXA BENEFICENTE DOS FUNCIONÁRIOS DO GRUPO IGUAÇU,PR,4285160.239999999,1428386.7466666664,2448414.5157921147
28310835000167,MEDHEALTH PLANOS DE SAÚDE LTDA,PR,4269276.38,1423092.1266666667,1430057.0216489348
04299138000194,BIOVIDA SAÚDE LTDA.,SP,4263874.79,1421291.5966666667,1777625.5245086923
37496767000163,UNIODONTO DE MATO GROSSO COOP TRAB ODONTOLOGICO LTDA,MT,4192837.5500000003,1397612.5166666668,1401928.7698473567
47325263000134,"ASSOC DE ASSIST À SAÚDE DOS SERV DAS UNIV E INST FED, EST E/OU FAC PART EM PE",PE,4151902.63,1383967.5433333332,1369593.9878102846
01193663000132,UNIMED DE CATALÃO COOPERATIVA DE TRABALHO MÉDICO,GO,4100822.14,1366940.7133333334,1381233.3799368716
44857357000166,METRUS INSTITUTO DE SEGURIDADE SOCIAL,SP,4067978.95,1355992.9833333334,803155.2024641469
02569472000195,CENTRO DE ENDOCRINOLOGIA DE JUNDIAÍ S/S LTDA,SP,4065126.8099999996,1355042.2699999998,1241902.7944019872
38499547000156,UNIMED PATOS DE MINAS COOPERATIVA TRABALHO MÉDICO LTDA.,MG,3927653.79,1309217.93,2202784.3797563654
81733115000197,UNIMED DE CIANORTE - COOPERATIVA DE TRABALHO MEDICO,PR,3874650.48,1291550.16,77225.74171711208
03187913000157,ODONTOART PLANOS ODONTOLÓGICOS LTDA,CE,3836465.51,1278821.8366666667,1229118.3067610986
16926969000128,AMAZÔNIA PLANOS DE SAÚDE LTDA,PA,3776482.24,1258827.4133333333,2098364.850110559
06091170000105,UNIMED OS BANDEIRANTES COOPERATIVA DE TRABALHO MÉDICO,SP,3751689.55,1250563.1833333333,965213.8418392095
87827689000100,UNIMED SERRA GAUCHA/RS COOPERATIVA DE ASSISTENCIA A SAUDE LTDA,RS,3682537.3200000003,1227512.4400000002,449837.1882298847
28953753000130,SD-M OPERADORA DE PLANOS DE SAUDE LTDA,RJ,3673613.23,1224537.7433333334,1683531.6820260454
42855999000109,UNIMED TRÊS CORAÇÕES COOPERATIVA DE TRABALHO MÉDICO LTDA.,MG,3664693.5000000005,1221564.5000000002,1951682.1097982193
03424929000136,SAUDE PAS - MEDICINA E ODONTO,RS,3661619.58,1220539.86,119575.47054989947
01371135000126,UNIMED VALE DO URUCUIA - COOPERATIVA DE TRABALHO MEDICO LTDA,MG,3619551.24,1206517.08,1244262.1798589444
25329079000120,UNIMED SÃO JOÃO DEL REI - COOPERATIVA DE TRABALHO MÉDICO,MG,3601879.16,1200626.3866666667,650813.6956205537
30724638000136,ASSOCIAÇÃO HOSPITAL SAÚDE DE VARGEM GRANDE DO SUL,SP,3524570.1699999995,1174856.7233333332,2032372.6538731533
51304798000104,UNIODONTO DE CAMPINAS COOPERATIVA ODONTOLÓGICA,SP,3513304.45,1171101.4833333334,1711585.921785185
45359213000142,UNIMED SÃO CARLOS - COOPERATIVA DE TRABALHO MÉDICO,SP,3511609.1599999997,1170536.3866666665,1290065.9198988976
69099307000198,CROWN ODONTOLOGIA DE GRUPO LTDA,SP,3493060.8,1164353.5999999999,1283743.5774197523
16665579000141,ASSOCIAÇÃO SANTA CASA SAÚDE DE ARAÇATUBA,SP,3490874.62,1163624.8733333333,78576.78892386491
00665690000106,ASSOCIAÇÃO POLICIAL DE ASSISTÊNCIA À SAÚDE DE DRACENA,SP,3454347.02,1151449.0066666666,1871155.9574960847
20168589000149,PRONTOMED PLANOS DE SAÚDE LTDA,MG,3432726.2299999995,1144242.0766666664,985435.3252770543
41905498000119,UNIMED NOROESTE DE MINAS COOPERATIVA DE TRABALHO MEDICO LTDA,MG,3408175.8600000003,1136058.62,139557.28175036845
40223893000159,ODONTO EMPRESAS CONVENIOS DENTARIOS LTDA.,SP,3326862.71,1108954.2366666666,1313546.3235525256
10456692000130,QUALIDONTO - QUALIDADE EM ODONTOLOGIA LTDA,BA,3326499.43,1108833.1433333333,1686974.4128962092
64924095000112,SERMED-SAÚDE LTDA.,SP,3324455.55,1108151.8499999999,747095.3061301005
41715325000138,ARL ADMINISTRADORA DE BENEFÍCIOS LTDA.,SP,3307620.6500000004,1102540.2166666668,1086192.812001212
42750007000170,UNICOR ADMINISTRADORA DE BENEFICIOS LTDA,MG,3300298.1500000004,1100099.3833333335,1258623.557805123
14674151000130,BIORAL SISTEMA ODONTOLÓGICO LTDA.,SP,3265837.58,1088612.5266666666,1347877.212054979
04859814000137,SAÚDE BRB - CAIXA DE ASSISTÊNCIA,DF,3251893.42,1083964.4733333334,1757489.1135881231
54991211000162,UNIMED DE ASSIS COOPERATIVA DE TRABALHO MÉDICO,SP,3201643.8,1067214.5999999999,921738.9624639909
73395469000140,CAIXA DE ASSISTENCIA A SAUDE DA UNIVERSIDADE,MG,3196497.46,1065499.1533333333,1731892.5026547022
88938089000182,UNIODONTO PORTO ALEGRE COOPERATIVA ODONTOLOGICA LTDA,RS,3129342.08,1043114.0266666667,584330.9112892938
10796140000171,ASSOCIAÇÃO SERVIÇOS ODONTOLÓGICOS DA INDÚSTRIA DE MINAS GERAIS - ODONTOINDUSTRIA,MG,3086065.62,1028688.54,1746829.7535242357
05029064000139,SAÚDE SANTA TEREZA LTDA.,SP,3086011.18,1028670.3933333334,1146348.239548764
20320487000105,AGROS - INSTITUTO UFV DE SEGURIDADE SOCIAL,MG,3078851.4400000004,1026283.8133333335,748139.2424781651
00636975000100,SÃO DOMINGOS SAÚDE- ASSISTÊNCIA MÉDICA  LTDA,SP,3061172.3899999997,1020390.7966666665,820251.3868881194
66477217000103,UNIMED LAVRAS COOPERATIVA DE TRABALHO MÉDICO,MG,3045846.98,1015282.3266666667,1345716.0105557812
78420783000150,UNIMED OESTE DO PARANA - COOPERATIVA DE TRABALHO MEDICO,PR,3007442.67,1002480.89,1343391.3901198742
49481538000154,SAUDIA ASSISTENCIA MÉDICA LTDA,MG,2996421.01,998807.0033333333,1689932.7627156607
12442737000143,UNIMED MACEIO COOPERATIVA DE TRABALHO MÉDICO,AL,2980006.5700000003,993335.5233333334,89089.9905518782
41929347000109,PRESERVE SAUDE ASSISTENCIA MEDICA LTDA,BA,2960325.57,986775.19,1642785.487529418
01387625000110,DOCTOR CLIN OPERADORA DE PLANOS DE SAÚDE LTDA.,RS,2947208.95,982402.9833333334,420387.58254380233
51093193000103,UNIMED DE ARACATUBA - COOPERATIVA DE TRABALHO MÉDICO,SP,2917096.0599999996,972365.3533333332,1381803.2438708544
33379144000150,ÚNICA ASSISTENCIA MEDICA LTDA,SP,2871746.0999999996,957248.6999999998,491939.45567516563
30036685000197,CAIXA DE PREVIDÊNCIA E ASSISTÊNCIA DOS SERVIDORES DA FUNDAÇÃO NACIONAL DE SAÚDE - CAPESESP,RJ,2842258.6599999997,947419.5533333332,1375936.2162772093
00571628000147,DENTAL PLUS CONVÊNIO ODONTOLÓGICO LTDA.,SP,2788045.0,929348.3333333334,1013570.6065749231
62465117000106,FUNDAÇÃO CESP,SP,2769319.48,923106.4933333333,64047.70596628837
00891689000191,UNIODONTO GOIANIA COOPERATIVA DE CIRURGIÕES DENTISTAS,GO,2722615.82,907538.6066666666,1149538.6041062484
13138885000131,A.P.S. ADMINISTRADORA DE BENEFÍCOS LTDA.,SP,2717642.9,905880.9666666667,1093754.6592012593
11158465000191,AFFIX ADMINISTRADORA DE BENEFÍCIOS LTDA,SP,2705347.9,901782.6333333333,1456091.0979020547
13083167000105,ASSOCIACAO DOS SERVIDORES DA EMDAGRO - ASSEM,SE,2703391.57,901130.5233333333,930838.4567788799
66916305000156,UNIMED SUDOESTE PAULISTA COOPERATIVA DE TRABALHO MÉDICO,SP,2653330.17,884443.39,1161835.8156897656
75054940000162,FUNDAÇÃO COPEL DE PREVIDÊNCIA E ASSISTÊNCIA SOCIAL,PR,2640103.96,880034.6533333333,593053.776486121
66453168000160,UNIMED SÃO SEBASTIÃO DO PARAÍSO COOPERATIVA DE TRABALHO MÉDICO,MG,2639261.37,879753.79,1107477.420707282
40038813000195,SALUSMED OPERADORA DE PLANOS DE SAUDE LTDA,SP,2633105.4799999995,877701.8266666665,1518983.4563245652
34907159000106,ODONT-OPERADORA ODONTOLOGICA LTDA,SP,2630274.38,876758.1266666666,623115.1564603325
96509690000188,SÃO LUCAS SAÚDE S/A,SP,2595955.83,865318.61,63284.66541028166
03098226000165,SÃO FRANCISCO ASSISTÊNCIA MÉDICA LTDA,PE,2559669.75,853223.25,1234086.7295728798
59766105000107,ASSOCIAÇÃO POLICIAL DE ASSISTÊNCIA À SAÚDE,SP,2558662.42,852887.4733333333,1457729.379524765
00381694000154,UNIMED ALTO VALE - COOPERATIVA DE TRABALHO MÉDICO,SC,2519568.39,839856.13,1354791.3191270598
24729097000136,SANTA CASA DA MISERICÓRDIA DE SÃO JOÃO DEL REI,MG,2451482.18,817160.7266666667,1067999.0876507096
11235328000103,MAXMED ADMINISTRADORA DE BENEFICIOS LTDA,SP,2403633.42,801211.14,1271229.9538773322
45171402000197,UNIMED DE TAUBATÉ COOPERATIVA DE TRABALHO MÉDICO,SP,2389548.86,796516.2866666666,604107.8551255516
92827666000136,INSTITUIÇÃO BENEFICENTE CEL MASSOT - IBCM,RS,2360257.24,786752.4133333334,900186.4297994955
04212174000179,DENTAL MASTER LTDA - EPP,AL,2353555.13,784518.3766666666,1328937.6987703203
42160192000143,FUNDAÇÃO CHESF DE ASSISTÊNCIA E SEGURIDADE SOCIAL,PE,2339090.2,779696.7333333334,10405.168209410842
00103956000119,UNIMED LITORAL SUL/RS - COOPERATIVA DE ASSISTÊNCIA À SAÚDE LTDA.,RS,2327399.7,775799.9,676143.1245576213
66493339000185,ASSOCIAÇÃO POLICIAL DE ASSISTENCIA A SAUDE DE BOTUCATU,SP,2317974.6500000004,772658.2166666668,1262092.1956135829
08787782000162,PRIMA VIDA ODONTOLOGIA DE GRUPO LIMITADA,RJ,2280598.71,760199.57,622970.8000188877
78339439000130,UNIMED DO ESTADO DO PARANÁ FEDERAÇÃO ESTADUAL DAS COOPERATIVAS MÉDICAS,PR,2272918.1500000004,757639.3833333334,1025993.6232119392
42940528000190,UNIMED PARÁ DE MINAS COOPERATIVA DE TRABALHO MÉDICO LTDA.,MG,2248089.56,749363.1866666666,630399.5276440161
31596055000130,BRASIL ODONTO OPERADORA DE PLANOS ODONTOLÓGICOS LTDA,TO,2213224.0399999996,737741.3466666666,1273200.3869341507
02127779000136,LEADER ASSISTÊNCIA MÉDICA E HOSPITALAR LTDA.,SP,2194541.3,731513.7666666666,780490.7630848142
02618303000106,FUNASA SAÚDE,PB,2157057.87,719019.29,311508.16293278337
37898335000189,UNIMED DE MINEIROS COOPERATIVA DE TRABALHO MÉDICO,GO,2096284.2899999998,698761.4299999999,604117.9241264086
15022430000181,ASSOCIAÇÃO DE SAÚDE DOS FORNECEDORES DE CANA DE PIRACICABA E REGIÃO,SP,2070934.23,690311.41,840825.6959778828
72120124000111,UNIODONTO RS FEDERACAO DAS UNIODONTOS DO RGS LTDA,RS,2045225.82,681741.9400000001,1151074.690657826
01773319000112,UNIMED VALE DO PARAÍBA - FEDERAÇÃO INTRAFEDERATIVA DAS COOPERATIVAS MÉDICAS,SP,2036564.04,678854.68,1025788.3930714264
88258884000120,UNIMED VALE DO SINOS - COOPERATIVA DE ASSISTÊNCIA À SAÚDE LTDA,RS,2026849.0499999998,675616.35,317713.3884101218
28400880000102,QUALITY GOLD SAÚDE ADMINISTRADORA DE PLANOS DE SAÚDE LTDA-ME,RJ,2017815.59,672605.1966666667,726084.481693397
74521188000150,UNIMED DE SÃO ROQUE - COOPERATIVA DE TRABALHO MÉDICO,SP,2017570.11,672523.37,348895.98539462674
02903477000102,ASSOCIAÇÃO SAÚDE CONCEIÇÃO,SC,2013149.6600000001,671049.8866666667,625304.6866665429
10540020000109,CENTRAL OPERADORA DE PLANOS DE SAÚDE NORTE-NORDESTE LTDA,PB,1995749.32,665249.7733333333,549459.2628814409
88732318000108,UNIMED ALTO DA SERRA - SOCIEDADE COOPERATIVA DE SERVIÇO MÉDICO LTDA.,RS,1990344.32,663448.1066666667,969193.3071414495
83937631000169,CAIXA ASSISTENCIAL E BENEFICENTE DOS FUNCIONÁRIOS DA ACARESC,SC,1990203.87,663401.29,576796.9207920887
15648898000186,LEXUS ADMINISTRADORA DE BENEFICIOS LTDA,SP,1975979.05,658659.6833333333,934707.5329006894
72783970000111,UNIMED DE JABOTICABAL COOP. DE TRABALHO MÉDICO,SP,1968008.87,656002.9566666667,573722.0485000585
08883265000197,ASSOCIAÇÃO FUNDO DE PROTEÇÃO À SAÚDE,PR,1915843.8,638614.6,550054.2021927844
50739135000141,SOBAM CENTRO MÉDICO HOSPITALAR S.A.,SP,1888369.61,629456.5366666667,960841.9969939678
48721401000167,UNIMED DE CAÇAPAVA - COOPERATIVA DE TRABALHO MEDICO,SP,1855838.62,618612.8733333334,249578.35596945707
33546979000157,UNIMED REGIONAL SUL GOIAS COOP. DE TRABALHO MÉDICO LTDA,GO,1852337.75,617445.9166666666,642014.4918374144
36263502000152,CARING SAÚDE ASSISTÊNCIA MÉDICA LTDA.,RJ,1776431.33,592143.7766666667,410156.4713043237
27047334000177,HEALTH-MED SISTEMA DE SAUDE LTDA,RJ,1735983.29,578661.0966666667,479385.09374566545
26150979000178,FUNDAÇÃO FILANTRÓPICA E BENEFICENTE DE SAÚDE ARNALDO GAVAZZA FILHO,MG,1734327.7799999998,578109.2599999999,871421.4171410002
67417519000140,UNIMED DE LENÇOIS PAULISTA - COOPERATIVA DE TRABALHO MÉDICO,SP,1729756.75,576585.5833333334,403851.21075272834
62231527000184,CAIXA BENEFICENTE DOS FUNCIONARIOS DO BANCO DO ESTADO DE SÃO PAULO,SP,1686936.85,562312.2833333333,765576.6317769362
84313741000112,UNIMED RIO BRANCO COOPERATIVA DE TRABALHO MEDICO LTDA,AC,1646901.91,548967.3033333333,573030.0263925213
23053901000147,SANTA CASA DE SAÚDE - SCS,ES,1645771.98,548590.66,840122.9765650757
01672007000112,SISTEMA PREVSAUDE DENTAL LTDA,CE,1642432.2999999998,547477.4333333332,550752.0845062948
02248344000140,UNIMED FRUTAL COOPERATIVA DE TRABALHO MEDICO LTDA,MG,1626387.02,542129.0066666667,499702.23612610885
06145428000109,PORTO DIAS SAUDE LTDA.,PA,1616153.25,538717.75,830287.144827186
02751464000165,ODONTOGROUP SISTEMA DE SAÚDE LTDA.,DF,1606002.2,535334.0666666667,681306.0661269096
92219070000153,SOCIEDADE PORTUGUESA DE BENEFICÊNCIA,RS,1603955.4700000002,534651.8233333334,452235.90395182313
00147571000153,ASSOCIAÇÃO POLICIAL DE ASSISTÊNCIA À SAÚDE DE BAURU,SP,1597038.6800000002,532346.2266666667,411583.89095911
01143922000110,UNIMED CACERES COOPERATIVA DE TRABALHO MÉDICO,MT,1592010.77,530670.2566666667,505188.38843065675
02753398000162,SF SISTEMAS DE SAÚDE LTDA,SP,1586825.5699999998,528941.8566666666,771942.0503121129
31432792000105,UNIMED DO EST. DO RJ FEDERAÇÃO EST. DAS COOPERATIVAS MÉDICAS,RJ,1583040.4400000002,527680.1466666667,742999.970904815
02149799000108,UNIODONTO VALE HISTORICO COOPERATIVA ODONTOLOGICA,SP,1568744.79,522914.93,439892.2872254901
23821141000170,MUITO MAIS SAÚDE ADMINISTRADORA DE BENEFÍCIOS,RJ,1555504.08,518501.36000000004,512941.783729399
71499792000139,UNIMED VERTENTE DO CAPARAÓ - COOPERATIVA DE TRABALHO MÉDICO LTDA,MG,1547540.2599999998,515846.75333333324,543048.9615767773
92911056000116,ASSOCIAÇÃO DOS FISCAIS DE TRIBUTOS ESTADUAIS DO RS - AFISVEC,RS,1529799.4200000002,509933.1400000001,766164.6649618489
43079723000130,TOTAL ASSISTÊNCIA MÉDICA HOSPITALAR LTDA,MG,1504721.03,501573.6766666667,310048.2487507446
43293604000186,SANTA HELENA ASSISTÊNCIA MÉDICA S/A.,SP,1487049.87,495683.29000000004,657736.9782687022
03990914000135,ORALE ASSISTÊNCIA ODONTOLÓGICA LTDA,BA,1469184.85,489728.2833333334,419987.4484858371
02513939000185,PLANO ASSISTENCIAL SÃO LUCAS LTDA,MG,1463399.81,487799.9366666667,295735.14531362057
27841404000164,UP SOLUÇÕES EM SAÚDE LTDA,SP,1462387.39,1462387.39,0.0
14468083000152,LIFE CLASS ADMINISTRADORA DE BENEFICIOS LTDA.,SP,1459970.94,486656.98,439940.66432088305
20909271000171,UNIMED ARAGUARI COOPERATIVA DE TRABALHO MÉDICO,MG,1441571.7999999998,480523.9333333333,811526.1973363741
87638334000173,UNIMED ERECHIM - COOPERATIVA DE SERVIÇOS DE SAÚDE LTDA.,RS,1424630.51,474876.83666666667,452872.9998778751
44595858000111,UNIODONTO DO BRASIL CENTRAL NACIONAL DAS COOPERATIVAS ODONTÓLOGICAS,SP,1423210.77,474403.59,424727.031851313
10395358000114,UNIMED DO CEARÁ - FEDERAÇÃO DAS SOCIEDADES COOPERATIVAS MÉDICAS DO ESTADO DO CEARÁ LTDA.,CE,1420315.87,473438.62333333335,454653.7250650319
14927215000167,ZURICH SANTANDER BRASIL ODONTO LTDA.,SP,1419916.0,473305.3333333333,356891.93255690235
07241136000132,UNIMED TERESINA - COOPERATIVA DE TRABALHO MÉDICO,PI,1407379.65,469126.55,23120.592190235962
41369935000127,SAME-SERVIÇO DE ASSISTÊNCIA MÉDICA EMPRESARIAL LTDA.,MA,1384163.19,461387.73,711154.3973757933
36503186000149,LEVE SAUDE OPERADORA DE PLANOS DE SAUDE S.A,RJ,1382154.2,460718.06666666665,695265.0890785872
30417661000188,UNIMED NORTE FLUMINENSE COOPERATIVA DE TRABALHO MEDICO,RJ,1367450.63,455816.87666666665,453230.18147350627
09237009000195,UNIMED NORTE/NORDESTE-FEDERAÇÃO INTERFEDERATIVA DAS SOCIEDADES COOPERATIVAS DE TRABALHO MÉDICO EM RECUPERAÇÃO JUDICIAL,PB,1363818.28,454606.0933333333,346418.7929002999
14799035000147,ASSOCIAÇÃO DOS SERVIDORES FISCAIS DO ESTADO DA BAHIA,BA,1359594.26,453198.08666666667,163415.15636763637
06814351000112,CEDPLAN SAÚDE LTDA EPP,MG,1347021.84,449007.28,682987.9029847181
41511429000120,UNIMED REGIONAL DE FLORIANO - COOPERATIVA DE TRABALHO MÉDICO,PI,1330880.04,443626.68,481821.54269726214
04234059000103,PREVENT SENIOR CORPORATE OPERADORA DE SAÚDE LTDA.,SP,1320766.95,440255.64999999997,752008.6906851338
57149775000140,UNIMED SUL PAULISTA - COOPERATIVA DE TRABALHO MÉDICO,SP,1314545.7799999998,438181.9266666666,361403.4251415352
02156150000114,DENTALPAR ASSISTÊNCIA ODONTOLÓGICA EMPRESARIAL LTDA.,SP,1304900.49,434966.83,631768.9977423301
34608096000197,UNIVIDA USA OPERADORA EM SAUDE S/A,SP,1304789.6400000001,434929.88000000006,423944.31893051276
22027346000116,PLANO DE ASSISTÊNCIA MÉDICA MINEIRA LTDA,MG,1269864.35,423288.1166666667,303726.32890278584
16608812000154,SOCIEDADE BENEFICENTE DEZOITO DE JULHO,MG,1269561.04,423187.01333333337,357798.653770148
45568546000181,ALMA ODONTO OPERADORA DE PLANOS ODONTOLOGICOS LTDA,SP,1263352.78,421117.5933333333,686926.894574336
25064148000110,COOPERATIVA DE TRABALHO MEDICO DE ARAGUAÍNA - UNIMED ARAGUAÍNA,TO,1251553.84,417184.61333333334,407651.8868841135
41432461000110,TEMPO MED PLANO DE SAUDE LTDA,SC,1248529.42,416176.4733333333,148210.90572121955
02192677000102,UNIMED MORRINHOS COOPERATIVA DE TRABALHO MEDICO,GO,1247795.4100000001,415931.8033333334,577420.4520509059
15713057000105,ASSOCIAÇÃO DO PLANO DE SAÚDE DA SANTA CASA DE MISERICÓRDIA DE ITABUNA - PLANSUL,BA,1228931.79,409643.93,367453.30748178007
00299149000113,ASSOCIAÇÃO DOS FUNCIONÁRIOS DO FISCO DO ESTADO DE GOIÁS,GO,1216138.2,405379.39999999997,416256.5528278128
41687179000184,UNIMED PATROCÍNIO COOPERATIVA DE TRABALHO MÉDICO LTDA.,MG,1214273.86,404757.95333333337,88892.24301495845
40246859000108,ODILE SERVIÇOS DE SAÚDE LTDA.,SP,1203512.08,401170.69333333336,27437.479307127185
07781345000179,ASSOCIAÇÃO DE ASSISTÊNCIA À SAÚDE DA AMAGIS,MG,1187103.24,395701.08,520506.8406189963
25971433000115,UNIMED MURIAÉ COOPERATIVA DE TRABALHO MEDICO LTDA,MG,1187049.86,395683.2866666667,587084.6005896927
42936518000181,UNIMED LEOPOLDINA COOPERATIVA DE TRABALHO MÉDICO LTDA,MG,1180703.89,393567.9633333333,639405.4819106413
63367700000139,CAIXA DE ASSISTÊNCIA DOS SERVIDORES FAZENDÁRIOS ESTADUAIS,CE,1174147.03,391382.3433333333,275050.2205605755
89870547000151,UNIMED PELOTAS/RS - COOPERATIVA DE ASSISTÊNCIA À SAÚDE LTDA.,RS,1139592.45,379864.14999999997,300468.61191092705
00773639000100,CENTRO CLÍNICO GAÚCHO LTDA,CE,1135655.95,378551.98333333334,328801.6918827166
42425561000182,SAMIG - SERV. DE ASSISTENCIA MEDICA DA ILHA DO GOVERNADOR LTDA,RJ,1112873.02,370957.67333333334,303535.9985010543
04558034000157,LIFE EMPRESARIAL SAÚDE LTDA.,SP,1086208.69,362069.5633333333,283838.77323980146
00552181000169,UNIMED DE MOCOCA COOPERATIVA DE TRAB. MÉDICO,SP,1070281.21,356760.4033333333,493364.5073916232
02989632000155,EVANGELICO SAUDE LTDA.,PR,1064630.31,354876.77,538879.2259760225
58054221000122,VIVER SAUDE LTDA,RN,1031961.66,1031961.66,0.0
22709109000135,BENEFICENCIA SOCIAL BOM SAMARITANO,MG,1030035.1900000001,343345.06333333335,520872.74410784943
80525652000189,UNIMED VALE DO PIQUIRI-COOPERATIVA DE TRABALHO MÉDICO VALE DO PIQUIRI,PR,1008457.23,336152.41,331904.11974308244
20961779000119,ASSOCIAÇÃO PLANO DE SAÚDE SANTA CASA DE VALINHOS,SP,987104.06,329034.6866666667,298862.34140099725
58324562000170,SALVE SAÚDE ADMINISTRADORA DE BENEFÍCIOS LTDA,RJ,965600.26,321866.75333333336,327966.58083203924
39734514000106,GESTAO VIDA ADMINISTRADORA DE BENEFICIOS LTDA.,SP,958153.9299999999,319384.6433333333,85646.61586164765
04257073000114,AMEP FREGUESIA OPERADORA DE PLANO DE SAUDE LTDA,RJ,951878.0,317292.6666666667,518618.8474432859
08708980000193,OESTE SAÚDE ASSISTÊNCIA A SAÚDE SUPLEMENTAR S.A,SP,945338.08,315112.6933333333,531132.8489787485
37442364000131,ESPLENDOR ADMINISTRADORA DE BENEFÍCIOS LTDA.,DF,938797.19,312932.39666666667,269330.4908228345
00006037000127,UNIMED DE TATUI - COOPERATIVA DE TRABALHO MÉDICO,SP,932601.02,310867.00666666665,187560.24638933415
02511261000100,UNIMED FEDERAÇAO DO ESTADO DO MATO GROSSO,MT,921888.51,307296.17,225365.90178153545
71186886000158,UNIMED SÃO JOÃO NEPOMUCENO COOPERATIVA DE TRABALHO MÉDICO LTDA.,MG,892504.09,297501.36333333334,240050.63998578346
28311619000136,NEXO - ADMINISTRADORA DE BENEFICIOS LTDA,SP,877855.3300000001,292618.44333333336,265125.8217849045
29117294000118,PLANO SIGMA SAÚDE LTDA,SP,865005.2899999999,432502.64499999996,610111.1126046255
04204285000133,CAIXA DE ASSISTÊNCIA DOS FUNCIONÁRIOS DO BANCO DA AMAZÔNIA - CASF,PA,850694.95,283564.98333333334,112666.81943281986
00304148000110,FUNDAÇÃO DE SAÚDE ITAIGUAPY,PR,849367.04,283122.3466666667,140004.18298156036
00856424000152,CARE PLUS ODONTOLOGIA ASSISTENCIAL LTDA.,SP,848934.53,282978.1766666667,289901.41704939795
03613857000175,CONFIANÇA ASSISTÊNCIA MÉDICO HOSPITALAR LTDA,MG,847545.3,282515.10000000003,398141.0377562231
89761670000134,ASSOCIAÇAO UNISAUDE MARAU,RS,840512.9,280170.9666666667,233919.40548509787
09114713000150,CASE - CENTRAL DE ADMINISTRAÇÃO DE PLANO DE SAÚDE LTDA,RJ,828778.73,276259.57666666666,236021.07368528392
57522360000170,AIRES OPERADORA DE SAUDE LTDA,PE,810479.59,270159.86333333334,298059.05061686103
97553801000116,PLURAL GESTÃO EM PLANOS DE SAÚDE LTDA,RJ,796251.3,265417.10000000003,178070.82881560613
52657079000121,UNIMED DE BATATAIS - COOPERATIVA DE TRABALHO MÉDICO,SP,784110.14,261370.04666666666,283427.4498659305
10495931000161,SERVIX ADMINISTRADORA DE BENEFÍCIOS LTDA,DF,770865.1900000001,256955.06333333335,412188.42879284255
08097092000181,CAIXA DE ASSISTÊNCIA DOS EMPREGADOS DA EMPRESA BRASILEIRA DE PESQUISA  AGROPECUÁRIA,DF,767257.19,255752.39666666664,431497.37932556466
20119509000165,FUNDAÇÃO LIBERTAS DE SEGURIDADE SOCIAL,MG,753745.9,251248.63333333333,430785.01406144776
57214900000159,UNIMED ALTA MOGIANA COOPERATIVA DE TRABALHO MÉDICO,SP,734718.1699999999,244906.05666666664,339630.7665154257
19031941000110,SMART CARE SISTEMAS MÉDICOS E ODONTOLÓGICOS LTDA.,SP,732151.36,366075.68,501637.31905495725
66491036000123,ASSOCIAÇÃO POLICIAL DE ASSISTÊNCIA À SAÚDE DE JAÚ,SP,728880.39,242960.13,16833.185476941064
51421959000131,VCT PLANOS DE SAUDE LTDA,MG,719132.15,239710.71666666667,251200.0685783733
86584901000193,UNIMED MACHADO COOPERATIVA DE TRABALHO MEDICO,MG,717111.2,239037.06666666665,205493.3111806514
29754208000188,VALE PLANOS DE SAÚDE LTDA,PE,689057.96,229685.98666666666,172203.0620212098
68204486000113,UNIMED DE DRACENA - COOPERATIVA DE TRABALHO MÉDICO,SP,685322.99,228440.99666666667,289236.0685889566
23802218000165,UNIMED ITAJUBA COOPERATIVA DE TRABALHO MEDICO,MG,673205.08,224401.69333333333,279612.16167407203
37020290000145,TRINO - ALIANCA FILANTRÓPICA DE ASSISTÊNCIA E INTEGRAÇÃO PARA O DESENVOLVIMENTO DA SAUDE,ES,669702.0700000001,223234.02333333335,254927.03429915124
11641931000195,FEBRAFITE SAUDE,DF,625944.35,208648.11666666667,110678.87536159025
82353079000107,PARANA ASSISTENCIA MEDICA LTDA,PR,625931.0900000001,208643.69666666668,208534.13204981227
04202013000102,POLICLIN SAÚDE S/A.,SP,609463.51,203154.50333333333,225123.89133514155
15011651000154,BRADESCO SAÚDE - OPERADORA DE PLANOS  S/A,SP,604925.08,201641.69333333333,68360.70739871869
13223975000120,CAIXA SEGURADORA ESPECIALIZADA EM SAÚDE S/A,SP,604691.1000000001,201563.70000000004,318391.5945114808
08315806000180,UNIMED PATOS - COOPERATIVA DE TRABALHO MÉDICO,PB,590889.8899999999,196963.29666666663,108610.89664314596
71559272000174,ASSOCIAÇÃO POLICIAL DE ASSISTÊNCIA À SAÚDE,SP,578359.12,192786.37333333332,284302.7750757847
22694698000125,INTERCLINICAS PLANO VIDA USA OPERADORA DE SAUDE LTDA,SP,556212.58,185404.19333333333,140434.36010353637
92741016000173,ASSOCIAÇAO DOS FUNCIONARIOS PUBLICOS DO ESTADO DO RIO GRANDE DO SUL,RS,550010.3200000001,183336.77333333335,198553.88536193807
29604093000145,VITTA SAUDE ADMINISTRADORA DE BENEFICIOS LTDA.,SP,543132.81,181044.27000000002,136182.9128909075
37652765000116,UNIMED DE JATAÍ COOPERATIVA DE TRABALHO MÉDICO LTDA.,GO,538191.48,179397.16,264883.50061054144
71064539000152,UNIMED SUDOESTE DE MINAS COOPERATIVA DE TRABALHO MÉDICO,MG,537060.48,179020.16,283695.41272097424
22263081000155,HOSPITAL CESAR LEITE,MG,524753.9299999999,174917.97666666665,5913.362835276839
65276354000109,UNIMED ITABIRA COOPERATIVA DE TRABALHO MÉDICO,MG,519896.26,173298.75333333333,281306.60343476216
12585261000108,FUNDAÇAO COMPESA DE PREVIDENCIA E ASSISTENCIA - COMPESAPREV,PE,490028.02,163342.67333333334,141774.60655696574
00532888000103,UNIMED REGIÃO DA PRODUÇÃO/RS - COOPERATIVA DE ASSISTÊNCIA À SAÚDE LTDA,RS,475770.82,158590.27333333335,106237.62669907509
00200720000109,ASSOCIACAO POLICIAL DE ASSISTENCIA A SAUDE DE PRESIDENTE PRUDENTE (APAS),SP,470579.33,156859.77666666667,225952.70497626983
02888465000156,OPERADORA UNICENTRAL DE PLANOS DE SAÚDE LTDA.,SP,463888.17000000004,154629.39,31822.136542204393
25471574000179,UNIMED SÃO LOURENÇO COOPERATIVA DE TRABALHO MÉDICO,MG,453708.28,151236.09333333335,72141.5533477928
41248894000110,VIDA TOP MAIS SAÚDE OPERADORA DE PLANOS DE SAÚDE LTDA.,SP,453514.85,151171.61666666667,73704.17717472622
19679483000120,QV BENEFÍCIOS EM SAÚDE LTDA,RJ,448261.5800000001,149420.5266666667,162450.86209355996
47432143000136,PLENUM ASSISTENCIA MEDICA  LTDA,DF,444134.34,222067.17,271139.2467178442
41871989000196,UNIMED ITUIUTABA COOPERATIVA TRABALHO MÉDICO LTDA.,MG,440528.31,146842.77,64207.62230030716
00885918000165,HOSPITAIS E CLÍNICAS DO PIAUÍ S/S LTDA,PI,437199.56999999995,145733.18999999997,244720.0484934463
71565659000133,ASSOCIACAO POLICIAL DE ASSISTENCIA A SAUDE DE ITAPETININGA,SP,430594.65,143531.55000000002,120555.76646326506
05774975000190,SERVDONTO - PLANO DE ASSISTÊNCIA ODONTOLÓGICA LTDA,SE,419514.01,139838.00333333333,158174.06419895813
39149389000177,LIVRI OPERADORA DE PLANO DE SAÚDE LTDA,SP,407131.8,135710.6,133186.272333602
79831608000118,SIM - CAIXA DE ASSISTÊNCIA À SAÚDE,SC,404975.09,134991.69666666668,200795.86737921336
01476619000130,UNIMED GURUPI COOPERATIVA DE TRABALHO MÉDICO,TO,394814.4,131604.80000000002,112566.40646597145
89100135000132,UNIMED PLANALTO CENTRAL/RS - COOPERATIVA DE ASSISTÊNCIA  À SAÚDE LTDA.,RS,392716.21,130905.40333333334,156418.55989212543
01367538000100,UNIODONTO MARINGA COOPERATIVA ODONTOLOGICA,PR,391242.13,130414.04333333333,207632.86210481622
42115166000101,REAL GRANDEZA SAÚDE,RJ,386909.56999999995,128969.85666666664,94396.22403972328
60499365000134,FUNDACAO LEONOR DE BARROS CAMARGO,SP,384593.78,128197.92666666668,194246.00173162235
84112481000117,"FEDERAÇÃO DAS SOCIEDADES COOPERATIVAS DE TRABALHO MÉDICO DO ACRE, AMAPÁ, AMAZONAS, PARÁ, RONDONIA E RORAIMA",AM,374595.09,374595.09,0.0
34269803000168,REAL GRANDEZA - FUNDAÇÃO DE PREVIDÊNCIA E ASSISTÊNCIA SOCIAL,RJ,365784.23000000004,121928.07666666668,190833.59160664098
25810946000144,UNIMED BARBACENA - COOPERATIVA DE TRABALHO MÉDICO LTDA,MG,360833.53,120277.84333333334,95796.10270384718
87689527000153,UNIMED FRONTEIRA NOROESTE/RS - COOPERATIVA DE ASSISTÊNCIA À SAÚDE LTDA.,RS,356319.0,118773.0,93412.3448756421
02018620000183,UNIMED DE CORUMBA COOPERATIVA DE TRABALHO MÉDICO,MS,343685.31,114561.77,120256.41086527903
51262335000119,CLÍNICA SÃO GABRIEL S/S LTDA,SP,341233.56,113744.52,143854.11648588578
04299994000140,PLAMEDH - PLANO DE ASSISTÊNCIA MÉDICO-HOSPITALAR LTDA,MG,336705.85,168352.925,193772.62196535518
09306242000182,ASSOCIAÇÃO DOS AUDITORES FISCAIS DO ESTADO DA PARAÍBA - AFRAFEP,PB,336361.76,112120.58666666667,85456.64537627624
04430627000133,PLANO VIDA SAUDE SERVIÇOS ODONTOLOGICOS LTDA,SE,336249.22,112083.07333333332,120045.77377440713
03670297000190,MH VIDA - OPERADORA DE PLANOS DE SAÚDE LTDA,RJ,324833.42,108277.80666666666,162802.5133982453
42465310000121,TELOS - FUNDAÇÃO EMBRATEL DE SEGURIDADE SOCIAL,RJ,300087.99,100029.33,167037.5866016041
00012698000165,UNIMED DE PENAPOLIS - COOPERATIVA DE TRABALHO MEDICO,SP,298646.72,99548.90666666666,110732.66680280952
11973134000105,SUL AMÉRICA ODONTOLÓGICO S/A,SP,286344.95,95448.31666666667,68331.836490462
51628360000173,PRONTO SOCORRO CONDE DE MOREIRA LIMA,SP,284805.49,94935.16333333333,92691.26985945998
17333055000116,UNIODONTO UBERABA - COOPERATIVA DE ASSISTÊNCIA À SAÚDE ODONTOLÓGICA LTDA,MG,284746.02999999997,94915.34333333332,129745.33933328677
04165719000133,GS PLANO GLOBAL DE SAÚDE LTDA,RJ,283133.94,94377.98,81742.14961739445
42946061000196,UNIMED ALFENAS COOPERATIVA DE TRABALHO MEDICO,MG,280622.26,93540.75333333334,88714.39745717566
15308521000188,UNIODONTO BELÉM - COOPERATIVA DE ASSISTÊNCIA À SAÚDE ODONTOLÓGICA,PA,276487.97,92162.65666666666,62393.26108834698
58702853000155,UNIODONTO DE SOROCABA COOPERATIVA ODONTOLÓGICA,SP,269926.11,89975.37,136387.80041196756
11996146000155,CAIXA DE ASSISTÊNCIA À SAÚDE DO SINDICATO DOS FUNCIONÁRIOS INTEGRANTES DO GRUPO OCUPACIONAL ADMINISTRAÇÃO TRIBUTÁRIA DO ESTADO DE PERNAMBUCO,PE,269878.13999999996,89959.37999999999,119042.61547905984
17698381000127,QUALICORP CLUBE DE SAÚDE ADMINISTRADORA DE BENEFÍCIOS LTDA.,SP,267787.95,89262.65000000001,75450.70162775228
11828089000103,LUMINAR SAÚDE - ASSOCIAÇÃO DE ASSISTÊNCIA À SAÚDE,DF,260227.75999999998,86742.58666666666,75558.8700205246
00342481000113,UNIMED CALDAS NOVAS - COOPERATIVA DE TRABALHO MEDICO,GO,258910.77000000002,86303.59000000001,57425.394610005955
02064028000118,UNIODONTO DE PINDAMONHANGABA COOP ODONTOLOGICA,SP,254274.72,84758.24,138658.66782231358
00763923000103,UNIMED ALTO PARANAIBA COOPERATIVA DE TRABALHO MEDICO,MG,240267.47999999998,80089.15999999999,68884.02481896365
17143876000190,AME-ASSISTÊNCIA MÉDICA A EMPRESAS LTDA,MG,240073.15,80024.38333333333,31812.139166042158
90747908000156,SULMED - ASSISTÊNCIA MÉDICA LTDA,RS,239835.88999999996,79945.29666666665,81648.55272933032
00648506000101,ASSOCIAÇÃO POLICIAL DE ASSISTÊNCIA À SAÚDE DE PRESIDENTE VENCESLAU,SP,239655.52,79885.17333333332,49020.2488202542
03980208000102,UNIMED REGIONAL DE TRES LAGOAS COOPERATIVA DE TRABALHO MÉDICO,MS,234877.44,78292.48,90495.89698011507
62635990000191,ASSOCIACAO DOS AUDITORES FISCAIS DA RECEITA ESTADUAL DE SAO PAULO,SP,230992.40999999997,76997.46999999999,92551.17880162143
02858169000102,NOSAMED ASSISTÊNCIA MÉDICA LTDA.,SP,225445.34999999998,75148.45,64709.894193154105
04612990000170,UNIMED DE MANAUS COOP. DO TRABALHO MÉDICO LTDA,AM,225196.65000000002,75065.55,127377.97162782936
69612158000119,UNIMED REGIONAL DE PICOS - COOPERATIVA DE TRABALHO MÉDICO,PI,219985.28,73328.42666666667,26591.92778798922
13746922000194,RESOLVE ADMINISTRADORA DE BENEFÍCIOS LTDA,PI,219952.22,73317.40666666666,122343.16053201188
34673588000166,BIT LIFE BENEFÍCIOS LTDA,SP,219941.95,73313.98333333334,37027.09599776133
19969500000164,DESBAN - FUNDAÇÃO BDMG DE SEGURIDADE SOCIAL,MG,212213.50999999998,70737.83666666666,55860.14998332204
19304091000187,SORRIDEN CONVÊNIOS ODONTOLÓGICOS S.A.,SP,209681.38,69893.79333333333,108818.69589130781
55081563000143,AP ADMINISTRAÇÃO DE BENEFICIOS - SOCIEDADE SIMPLES UNIPESSOAL LIMITADA,SP,209414.6,104707.3,85103.25682214636
00444803000135,ASSOCIAÇÃO POLICIAL DE ASSISTÊNCIA A SAÚDE,SP,196636.99,65545.66333333333,55857.33378108405
46024429000110,XP ADMINISTRADORA DE BENEFÍCIOS LTDA.,SP,194488.11000000002,64829.37,32297.18571319334
43047552000168,AMPLITUDE PLANOS DE SAUDE LTDA,MG,189982.77000000002,63327.590000000004,109535.12717738497
51212821000122,SAGRADA SAÚDE ASSISTÊNCIA MÉDICA LTDA,MG,189941.77000000002,63313.92333333334,99620.89212181667
92316124000107,UNIMED REGIÃO DA FRONTEIRA - RS COOPERATIVA DE ASSISTÊNCIA À SAÚDE LTDA.,RS,180614.86,60204.95333333333,15756.904858316348
43383373000100,CLICSAUDE ADMINISTRADORA DE BENEFICIOS LTDA,SP,178848.59,59616.19666666666,35157.49905590176
11275925000161,PLURICLUB ADMINISTRADORA DE BENEFÍCIOS LTDA.,SP,178603.0,59534.333333333336,27491.81927016532
68687722000108,G & M ASSESSORIA MEDICA EMPRESARIAL LTDA,RJ,177906.89,59302.29666666667,52219.45291447846
04197511000104,CAIXA DE ASSISTÊNCIA DO SINDFISCO - CASSIND,SE,174339.88999999998,58113.29666666666,75199.55849401133
17048922000171,ODONTO PRIME S/S LTDA,CE,168015.65,56005.21666666667,24284.783492953637
02338268000163,UNIODONTO DE SC COOPERATIVA ADMINISTRADORA DE CONTRATOS,SC,164300.47999999998,54766.82666666666,32756.516345167613
18987107000130,CEAM BRASIL - PLANOS DE SAÚDE LTDA,MG,161478.31,161478.31,0.0
07270625000112,FEDERAÇÃO DAS COOP ODONTOLÓGICAS DO ESTADO DE SANTA CATARINA,SC,160592.69,53530.89666666667,52064.18455224698
14095581000105,LIKE DENTAL PLANOS ODONTOLÓGICOS SS LTDA,PR,158758.47999999998,52919.493333333325,28010.36985680541
67577171000159,UNIMED DE MONTE ALTO - COOPERATIVA DE TRABALHO MÉDICO,SP,152191.29,50730.43,44395.35804363335
41397957000109,SALUTY ADMINISTRADORA DE BENEFICIOS LTDA,RJ,146185.12,48728.37333333333,40750.37072177912
48578525000135,EGRÉGORA  ADMINISTRADORA DE BENEFICIOS S/A,ES,146142.0,48714.0,84373.39098910271
45981176000100,ANAFE SAUDE,GO,138783.88999999998,46261.29666666666,75071.41231251902
53249803000140,ASSISTÊNCIA MÉDICA 12 DE OUTUBRO LTDA,SP,137501.0,45833.666666666664,40999.791954756714
29958867000136,INTERVIDA ADMINISTRADORA DE BENEFÍCIOS LTDA,SP,137285.53999999998,45761.84666666666,45934.71502691764
08237810000178,UNIODONTO/RN - COOPERATIVA ODONTOLOGICA DO RIO GRANDE DO NORTE,RN,136767.36,45589.119999999995,30708.189331207726
73565319000138,ASSOCIACAO CIVIL PRÓ-SAÚDE DOS SERVIDORES DA UNIVERSIDADE ESTADUAL DE PONTA GROSSA,PR,134713.43999999997,44904.47999999999,76591.30141548907
26185199000163,UNIODONTO REGIONAL COOPERATIVA ODONTOLOGICA,MG,134396.75999999998,44798.91999999999,31814.96873060855
86483542000188,UNIMED VALE DO CARANGOLA COOPERATIVA DE TRABALHO MEDICO LTDA,MG,134374.77000000002,44791.590000000004,45550.22940098217
02041808000142,ADVANCE PLANOS DE SAÚDE LTDA,SP,132255.48,44085.16,45968.59743900395
30505523000150,DONA SAÚDE CLINICAS LTDA,SP,122130.57,40710.19,33367.067362373935
11336728000105,ASSOCIAÇÃO SAÚDE RURAL ALEGRETE,RS,119084.51999999999,39694.84,65015.93377207851
32206950000163,SANUS ADMINISTRADORA DE BENEFÍCIOS LTDA,ES,117820.94,39273.64666666667,30063.440273911317
44945962000199,SANTA CASA DE MISERICÓRDIA E ASILO DOS POBRES DE BATATAIS,SP,117254.03,39084.676666666666,12236.95105038152
19691730000104,MAIS SAUDE S/A,ES,117105.48,58552.74,24732.191042849394
11565995000154,PORTOMED - PORTO SEGURO SERVIÇOS DE SAUDE LTDA,SP,115727.42000000001,38575.80666666667,14987.294196249479
03494031000134,COOPERATIVA ODONTOLÓGICA POÇOS DE CALDAS,MG,115204.15,38401.38333333333,54462.166272068476
54698763000187,SAUDE VIVA ADMINISTRADORA DE BENEFICIOS LTDA,SP,114754.12,38251.37333333333,45144.15436114662
46426569000114,UNITY SERVIÇOS INTEGRADOS DE SAÚDE LTDA.,DF,108291.73,36097.24333333333,57645.685863124505
19663787000108,SALUPLAN ADMINISTRADORA DE BENEFÍCIOS LTDA,SP,107356.72,35785.573333333334,24610.598944725694
03044492000105,HOSPITAL S.P. LTDA.,RS,106661.6,35553.86666666667,52962.07918094354
44663631000166,UNIMED DE RIO CLARO SP COOPERATIVA DE TRABALHO MEDICO,SP,103389.3,34463.1,3973.5291825781287
31763326000102,EXCELÊNCIA PLANO DE SAÚDE S/A,ES,100922.6,33640.86666666667,29225.980186317673
27113113000150,S1 OPERADORA DE PLANO DE SAÚDE LTDA,DF,99350.72,33116.90666666667,39216.922777889304
49168700000189,PRO-SAUDE JARINU ASSISTENCIA MEDICA SUPLEMENTAR LTDA.,SP,97260.01,32420.00333333333,39751.10985188003
80871551000160,UNIMED PATO BRANCO SOCIEDADE COOPERATIVA DE MÉDICOS,PR,93399.42,31133.14,35320.350655186034
49754083000101,EVO SAUDE ASSISTENCIA MEDICA LTDA,DF,91277.55,30425.850000000002,38844.3181935428
72916364000127,ASSOCIAÇÃO POLICIAL DE ASSISTÊNCIA À SAÚDE DE BARRETOS,SP,83903.01999999999,27967.67333333333,22927.187576380435
07611953000135,BEDOIS SERVIÇOS DE ADMINISTRAÇÃO DE BENEFÍCIOS LTDA.,RJ,82015.61,27338.536666666667,13536.776603317841
10846369000173,HEALTH ADMINISTRADORA DE BENEFICIOS LTDA,SP,81769.15,27256.38333333333,9618.376708344987
45050963000138,BEMSTAR ASSISTENCIA MEDICA LTDA,BA,80166.41,26722.13666666667,23271.564698125334
93507895000136,POLIMÉDICA SAÚDE SOCIEDADE SIMPLES LTDA,RS,78286.16,26095.38666666667,520.9144176669827
40960189000189,UNIMED PARAIBA - FEDERAÇAO DAS SOCIEDADES COOPERATIVAS DE TRABALHO MEDICO,PB,77625.82,25875.273333333334,11744.34153735463
10364053000145,ODONTOLIVE OPERADORA DE PLANOS ODONTOLÓGICOS LTDA.,SP,77397.48,25799.16,6188.542285360907
40208487000117,VIVER BEM ADMINISTRADORA DE BENEFÍCIOS LTDA,RJ,74256.04000000001,24752.013333333336,8401.280797600644
13785956000198,RAMED ADMINISTRADORA DE BENEFICIOS LTDA.,SP,73017.22,24339.073333333334,11313.51456217003
59641573000147,ATIMED ASSISTENCIA MEDICA LTDA,SP,72836.21,72836.21,0.0
52852100000140,IRMANDADE DE MISERICÓRDIA DO HOSPITAL DA SANTA CASA DE MONTE ALTO,SP,69530.56,23176.853333333333,35520.55344356185
56307500000125,AMAZIL ASSISTENCIA MEDICA DO BRASIL LTDA,RJ,69438.23999999999,23146.079999999998,6731.188522712762
58434577000191,ELITE SAUDE SERVICOS MEDICOS LTDA.,SP,62306.46,31153.23,43917.313235053436
00747041000146,UNIMED VALE DO CORUMBÁ COOPERATIVA DE TRABALHO MEDICO,GO,61930.6,20643.533333333333,17763.508937237973
72350382000194,COOPERATIVA DOS USUÁRIOS DE SERVIÇOS DE SAÚDE DO VALE DO RIO DOS SINOS LTDA,RS,56044.95,18681.649999999998,1365.1890740479857
00826676000139,UNIODONTO DE SERTAOZINHO SP COOPERATIVA ODONTOLOGICA,SP,56004.52,28002.26,37457.284677082505
25141173000150,ASSOCIAÇÃO PADRE PIO PLANOS DE SAÚDE,SP,52630.03,17543.343333333334,8371.542211625843
37256591000172,UNIODONTO DO SUL GOIANO COOPERATIVA ODONTOLOGICA,GO,51789.07,17263.023333333334,1425.0544684443928
13170410000122,ASSOCIAÇÃO DOS EMPREGADOS DA COMPANHIA ESTADUAL DE HABITAÇÃO E OBRAS PÚBLICAS - ASSEC,SE,51444.43,17148.143333333333,8811.537131745705
55189930000127,IRMANDADE DE MISERICORDIA DE PORTO FERREIRA,SP,47625.119999999995,15875.039999999999,5676.706405231822
24807514000111,ASSOCIAÇÃO SANTA CASA CLÍNICAS DE BIRIGUI,SP,46501.630000000005,15500.543333333335,20468.542002635004
24449225000198,UNIMED CARUARU-COOPERATIVA DE TRABALHO MEDICO,PE,45756.82,15252.273333333333,8518.801151672302
19512026000147,PLAMESC PLANOS DE SAÚDE LTDA,RJ,44946.2,14982.066666666666,3127.8154312927945
23557177000199,ASSOCIAÇÃO UNIVIDA SANTA RITA DO PASSA QUATRO,SP,43755.9,14585.300000000001,15768.278250991767
37354048000108,YOU ASSISTÊNCIA MÉDICA LTDA.,MG,27055.01,27055.01,0.0
02919940000104,NOVODENTE S/A,RS,25994.47,25994.47,0.0
05455431000166,CASA DE SAÚDE NOSSA SENHORA DE FÁTIMA  LTDA.,CE,25188.85,8396.283333333333,179.505852922219
05983170000157,PLANO ODONTOLÓGICO DENTALVIDAS LTDA.,SP,23677.94,7892.6466666666665,5609.256146552172
03268622000193,COOPERATIVA DOS USUÁRIOS DE SERVIÇOS DE SAÚDE LTDA.,RS,21990.53,7330.176666666666,2922.223994175213
27323544000140,QUALI ADMINISTRADORA DE BENEFÍCIOS S/A,ES,21203.46,21203.46,0.0
59452478000103,SAUDE SALV ASSISTENCIA MEDICA LTDA,RO,20787.24,10393.62,7820.95455331381
02580965000126,UNIODONTO ESPIRITO SANTO COOPERATIVA ODONTOLOGICA,ES,18310.5,6103.5,1943.782043414333
54557861000102,BLUZZ SAÚDE S/A,ES,17861.54,5953.846666666667,9826.429784587755
04839091000104,FUNDO DE ASSISTÊNCIA À SAÚDE DOS FUNCIONÁRIOS DO BEC,CE,13555.1,4518.366666666667,1710.4976587044289
58418932000139,INTEGRA ADMINISTRADORA DE BENEFICIOS LTDA,GO,11405.32,5702.66,0.0
42785902000120,INFINITY SAÚDE SUPLEMENTAR LTDA,MT,6367.349999999999,2122.45,2813.4410434377332
42209475000132,TOTAL SAUDE  ADMINISTRADORA DE BENEFICIOS EIRELI,ES,6315.0,2105.0,1732.0508075688772
97403778000183,SOCIODONTO PLANO DE ASSISTÊNCIA ODONTOLÓGICA LTDA,MG,5171.62,2585.81,1133.0820483089476
02254846000183,COOPERATIVA ODONTOLÓGICA DO ESTADO DO AMAPÁ,AP,3164.9399999999996,1054.9799999999998,756.5875912939624
40037284000105,SAUDE INTEGRAL ASSISTENCIA MEDICA LTDA,BA,2040.0,680.0,0.0
52041306000190,PLAMEDH PLANOS DE SAÚDE LTDA,MG,1864.73,932.365,168.15706363397283
82239476000144,UNIODONTO DE LONDRINA COOP. ODONTOLÓGICA,PR,1748.37,582.79,255.20702321840594
07154253000169,RODRIGUES LEIRA ODONTOLOGIA LTDA.,SP,1509.18,503.06,267.33000000000004
58554194000157,UNIC ASSISTENCIA MEDICA LTDA,SP,1250.0,1250.0,0.0
52174905000181,FOX SAÚDE ASSISTÊNCIA MÉDICA INTEGRADA LTDA,PE,1077.78,538.89,229.89455669937038
60967570000187,ESPERANÇA OPERADORA DE PLANOS DE SAÚDE LTDA,RJ,186.12,186.12,0.0
60398077000193,UNIÃO HOSPITAIS DE PERNAMBUCO LTDA,PE,158.13,158.13,0.0
62271160000122,SAUDE FACIL PLANOS DE SAUDE LTDA,RJ,121.41,121.41,0.0
59545401000170,NOVAMED PLANOS DE SAUDE LTDA,GO,75.35,75.35,0.0
53654432000182,INTEGRALCARE PLANOS DE SAUDE LTDA,BA,6.0,2.0,1.0
50991788000113,VITACARE PLANOS DE SAUDE LTDA,BA,5.0,1.6666666666666667,0.5773502691896257
53654434000171,MEDICAL LIFE PLANOS DE SAÚDE LTDA,BA,5.0,2.5,0.7071067811865476
57303461000150,MAXIMED PLANOS DE SAUDE LTDA,RJ,1.0,1.0,0.0
